{"Recall@20": [0.012908994063350285, 0.04833084331342259, 0.05827911772969553, 0.06441803087718906, 0.06926736329948077, 0.07033108307602623, 0.07137215352540038, 0.071921872129396], "NDCG@20": [0.0051776169185261366, 0.02027868683039144, 0.02520535212298687, 0.028330262605914987, 0.03011532253898142, 0.03063025503008157, 0.03063587619172222, 0.03067793999504319], "Precision@20": [0.0010100464643728428, 0.003359619881790761, 0.004077995114492857, 0.004542508474742799, 0.004820676338367435, 0.004869288272420853, 0.004909798002299704, 0.004890893368969806], "Recall@40": [0.02349130672320081, 0.077259883311934, 0.09234583809242607, 0.10384344155759834, 0.10714509943796953, 0.1093524834681397, 0.11125687374800293, 0.1114409657550757], "NDCG@40": [0.0074638078572542245, 0.02658702985403591, 0.03264959008902057, 0.036968826951431485, 0.03845496545719305, 0.03922691151533552, 0.03935151060495235, 0.039308912825916656], "Precision@40": [0.0008804148367501573, 0.002719563625505834, 0.003266447049772764, 0.0037309603021715865, 0.003824133145457611, 0.0038889489502142893, 0.0038997516320953747, 0.00386464310713588], "Recall@80": [0.04296519419692873, 0.12405753406113806, 0.14492721872864395, 0.16008145162453208, 0.16508484118518169, 0.16897211778469112, 0.17098994485320007, 0.17419137642555366], "NDCG@80": [0.011053714469401977, 0.035163594628946304, 0.042291966295401995, 0.04724159206725408, 0.04904785249742432, 0.05013836435897183, 0.05031846403315836, 0.05079445052613086], "Precision@80": [0.0007993950602804029, 0.002205763242762921, 0.0025966836368340944, 0.002872150836024903, 0.0029632980968777815, 0.0030227126242777847, 0.003040942021074055, 0.003066598260758105]}