{"Recall@20": [0.01192512814640883, 0.03758505735925841, 0.05159115101073645, 0.05741585499912974, 0.05144533908069681, 0.05196699931810339, 0.06717919893832422, 0.05902954333670984, 0.06846433882452158, 0.07023021563657407, 0.0686201269894217, 0.06786864553605865, 0.060091663800293446], "NDCG@20": [0.004916409781288995, 0.01577604631503483, 0.02163534851070098, 0.024917550693259353, 0.021913176545110883, 0.0225173065983555, 0.028927389123056806, 0.025132064970263115, 0.028953865516568228, 0.029363183103653916, 0.02894800754606666, 0.02903484305926452, 0.02529832079122864], "Precision@20": [0.0009128227326896235, 0.0027438695249243795, 0.003651290982269476, 0.00410230097205873, 0.003686399512058125, 0.003789024562548262, 0.004753160007612693, 0.004148212183728465, 0.004745057805047845, 0.004755860482099776, 0.00470994946520594, 0.004745057825169321, 0.004056389841679764], "Recall@40": [0.02098225884037321, 0.06307227603557546, 0.0815372889431066, 0.09045313274395496, 0.08428818156784369, 0.08640948497825376, 0.10659235299271023, 0.0957088748618286, 0.10688607878415596, 0.10867230325818152, 0.10952481247892748, 0.11057472908948865, 0.09809030182768282], "NDCG@40": [0.006889762675400312, 0.021305132790493685, 0.028208983579361375, 0.03213229117054036, 0.029072810368055244, 0.029990214952269216, 0.03751954770157736, 0.033135931589980225, 0.03734442253304414, 0.03775924036617965, 0.037890661917920634, 0.03831236629284161, 0.03352912370285746], "Precision@40": [0.0007899427629320722, 0.0022874582119014825, 0.0029437182624280564, 0.0032556444033054782, 0.003038241269715445, 0.003109808799140562, 0.0037876741828446617, 0.0033785244217570043, 0.0037498650594497843, 0.0037525656417879854, 0.0038227827641442924, 0.00388624838397327, 0.0033393648462212086], "Recall@80": [0.036864418556948546, 0.10257520847705859, 0.12775208989448625, 0.1419628390975347, 0.13478873504139222, 0.1364956219922367, 0.16331787414320012, 0.14964176102566437, 0.16680447839178766, 0.16950673790179951, 0.1682075998290409, 0.1691509102389379, 0.15465009734042587], "NDCG@80": [0.009839941957051778, 0.02857914526750759, 0.036704935316160196, 0.04158702622457214, 0.03833809615701093, 0.03922265293506228, 0.047949035288487346, 0.04304661351068238, 0.04836172687707303, 0.04892088618200722, 0.048680893568958106, 0.04908946694469586, 0.04390880208274542], "Precision@80": [0.0007062223465766919, 0.0018837096895372633, 0.0023353948820560634, 0.002583855476346685, 0.0024488225645260225, 0.002483931105582699, 0.002936291558780899, 0.002677028267316869, 0.002976801386852559, 0.0029822026996230338, 0.002989629438683991, 0.0030328400486989066, 0.002694582509675139]}