{"Recall@20": [0.012042977632965784, 0.04758734822569442, 0.05805559499327895, 0.06408642244169004, 0.06930473183818057, 0.07168111420481306, 0.07273016514757018, 0.07332430270136182, 0.07308666894357843, 0.07132951809183702, 0.070583723141795, 0.07118938804200778, 0.06847861097223934, 0.07255007111383616, 0.07250213375794162], "NDCG@20": [0.004935995412333887, 0.02014068170514312, 0.025010251394935106, 0.02848822700677274, 0.030207136710905497, 0.03134936042129188, 0.031542563755208065, 0.031445163107850685, 0.03124433198268256, 0.030426637315332884, 0.030320840912374164, 0.030352871335839252, 0.029430030739769714, 0.030857408640386476, 0.03112937686277721], "Precision@20": [0.0009398293146513265, 0.0033245112731259212, 0.0040671924825130355, 0.004537107084705851, 0.004850383606896592, 0.004977314579341328, 0.005017824515264106, 0.0049989197885705544, 0.004969212581210689, 0.004888192812387096, 0.004877390196504456, 0.004901696127312506, 0.004707248671994658, 0.00505563361612293, 0.005090742275091462], "Recall@40": [0.022429476446732984, 0.07678448475242962, 0.09129909744295663, 0.10345626029337768, 0.10737495617074792, 0.11018892868015619, 0.11273081887034911, 0.11323669462336877, 0.11342934075011746, 0.11418205452645278, 0.11459614760007485, 0.11483412928878456, 0.11403369975679828, 0.11622437359872823, 0.1175112168243151], "NDCG@40": [0.007207573149133941, 0.026496567916210776, 0.03229760016171119, 0.03710056554038749, 0.03854157088371311, 0.03980477515314701, 0.040276429469531076, 0.040145723714392706, 0.04003237786838531, 0.039746538614291824, 0.039908960620978616, 0.03983450658354605, 0.03927469514958271, 0.04031599210562144, 0.04086608118947567], "Precision@40": [0.0008574592252812762, 0.002714162281345855, 0.0032461921172251746, 0.003709355125136724, 0.00383358546212256, 0.003928108577261067, 0.003961866793344561, 0.00393080924652405, 0.003922707264490592, 0.003963217158560697, 0.00399157394436429, 0.003990223614561953, 0.003911904613194152, 0.004041536233170676, 0.004094199000488441], "Recall@80": [0.04104717207660657, 0.1233395047665312, 0.14283088990263307, 0.15945205449465608, 0.1645806319154441, 0.1697626689269268, 0.17107235088556494, 0.17385117312519213, 0.173866532515202, 0.17529919550049777, 0.1752427086609157, 0.17556186024720538, 0.17237366606996785, 0.17694515016252282, 0.17631862585161087], "NDCG@80": [0.010630515767338854, 0.03500172986806025, 0.04176310459094518, 0.0473506131800099, 0.049012157705055015, 0.050691647162328754, 0.051037235974467084, 0.05129256130771528, 0.0511327535734973, 0.050927997717167627, 0.05104048429561045, 0.0509796583254574, 0.04998280825104456, 0.05152834517736601, 0.05172999305422213], "Precision@80": [0.0007723884706725386, 0.0021956357611968035, 0.0025669763522077563, 0.0028708005368072117, 0.0029619477509782626, 0.0030348655385732575, 0.0030632224684466265, 0.003073349912989226, 0.003068623806167733, 0.00309292965970931, 0.0031050826408080875, 0.003108458489459702, 0.0030301394470440873, 0.003163146885087581, 0.003159095829682125]}