{"Recall@20": [0.012003791889851251, 0.047621243687959676, 0.05841838354115045, 0.06459525945802944, 0.06945911808020097, 0.0713727904844454, 0.07256225335800172, 0.07343641285042764, 0.07273956981657699, 0.07132000133493388, 0.070466291290181, 0.0712089906491406, 0.06849552234949659, 0.07240076097000285, 0.07256650023240437, 0.0725787738570516, 0.0695878229041304], "NDCG@20": [0.004942017767256017, 0.020176854892877828, 0.025114042520445804, 0.028533927459650863, 0.03021678051964516, 0.03114834870506057, 0.03140223373974762, 0.03131547900864691, 0.0310932717017328, 0.03036786382600377, 0.030144516426530245, 0.030334036570717246, 0.02943829677784122, 0.030765973145005975, 0.031139410171805493, 0.03080629009503557, 0.029897048881067576], "Precision@20": [0.000942529990353182, 0.003332613203648397, 0.004083396395068968, 0.0045668144465986615, 0.004853084163479302, 0.004942205981944516, 0.005012423022205195, 0.005004321075585539, 0.004944906557843844, 0.004882791473861131, 0.004866587519452525, 0.00489629478878654, 0.004712650103079419, 0.005042130269808016, 0.0050934429443544454, 0.005050232277596964, 0.004836880343079735], "Recall@40": [0.022446580771250176, 0.07711355668416456, 0.09159319630268778, 0.10291153536999832, 0.1074084894077894, 0.10996413557990731, 0.11261084278832376, 0.11326813527828701, 0.11271945431150808, 0.11405505811574457, 0.1147091800017582, 0.1150469660720339, 0.1139839994890638, 0.11584974040966564, 0.11731381025867559, 0.1157231864782908, 0.11300217861926773], "NDCG@40": [0.007221007007134454, 0.026588893804666586, 0.032369718407920106, 0.036924700635522875, 0.03853609297411275, 0.039648990722793064, 0.04013033763525539, 0.039983852025279605, 0.03982590377311463, 0.039644710482151985, 0.03976907920178062, 0.039847394373628865, 0.03926147177833144, 0.040178983891719845, 0.04080941117684244, 0.04016354324313622, 0.03931894840142814], "Precision@40": [0.0008561089164052757, 0.002722264289134803, 0.0032502431517042944, 0.0036945014957013005, 0.0038403372640574713, 0.003925407882242593, 0.00395241442516863, 0.003928108525750085, 0.003903802579649713, 0.0039497139152677475, 0.003988873434463407, 0.003995624953087919, 0.003911904556854016, 0.004029383298753726, 0.004079345319542035, 0.004026682655246234, 0.003937560806196375], "Recall@80": [0.04165440949119295, 0.12324700423009172, 0.14279867452254907, 0.15953733854859414, 0.16473940277223237, 0.17005759458942626, 0.1717467837577326, 0.17408771485016208, 0.1736990748464488, 0.1743697214554128, 0.175088752638615, 0.17514249821828046, 0.17227551003981836, 0.17675346007959572, 0.17610602478261408, 0.17353814861565053, 0.16870815094338645], "NDCG@80": [0.010748032837433294, 0.035021275388147526, 0.041787806991316706, 0.04730694886609675, 0.04901349699058092, 0.05063022786293223, 0.05102190062720793, 0.0511557813132184, 0.05101922476048267, 0.050696343907890636, 0.050845140113781113, 0.050883204630233304, 0.04995050455538232, 0.051430806673743674, 0.051690053422133966, 0.05083098834722774, 0.04956241539723031], "Precision@80": [0.0007798152918291232, 0.0021942854370284805, 0.0025683267125947385, 0.0028768770040156866, 0.0029619477767337536, 0.003041617138488537, 0.0030713244343829023, 0.003074025067427226, 0.003064572750762277, 0.0030753754640328672, 0.003098331019161612, 0.0031030571509337366, 0.0030260884318815857, 0.0031611213445071075, 0.0031570703510758018, 0.003096980740870257, 0.0029842281822536525]}