{"Recall@20": [0.009812055556655921, 0.04505450957097283, 0.05599158742817507, 0.06209955061436266, 0.06709179809210147, 0.07098278562000378, 0.07188844000841174, 0.07512559501324048, 0.07508824393676349, 0.07595644381464307, 0.07422475533054265, 0.07351113249135993, 0.07173822999348249, 0.0734447080501537, 0.07183717393560905], "NDCG@20": [0.004218502427533106, 0.019615856014885087, 0.024852209450733177, 0.027277778662267122, 0.029583746598556795, 0.031304093214403646, 0.03180017083178229, 0.03314696082520771, 0.03317826231033096, 0.03312095882852172, 0.032181023804482366, 0.03186836489413384, 0.031080826075478584, 0.031837331433526454, 0.030753262578455922], "Precision@20": [0.0007750891514047635, 0.0032677973892334096, 0.004061791098914961, 0.004456087439830558, 0.004831478963908385, 0.005063735726933841, 0.005125850852769228, 0.005309495559402685, 0.005279788392285774, 0.005285189679300758, 0.005101544951740964, 0.005036729095473305, 0.004931403354793848, 0.005058334295044221, 0.004928702685530866], "Recall@40": [0.017934087518611867, 0.07441465530383146, 0.0908641936493909, 0.09715886117058052, 0.10346854517317441, 0.10812104965268478, 0.11158248676882329, 0.11646779855590306, 0.11748252533624919, 0.11739825543052011, 0.11616109341360445, 0.1160003710375165, 0.1141980519314828, 0.11482961169841725, 0.11170531135662928], "NDCG@40": [0.006059369308343005, 0.02605889487938759, 0.032504394371978045, 0.035006964916259334, 0.0375680078939368, 0.039471394495198084, 0.040508341670770345, 0.0422450619149803, 0.04243013915972356, 0.04215944905356788, 0.04126340433499642, 0.04111979729389802, 0.040319118010916644, 0.04084294315186487, 0.039418087377009414], "Precision@40": [0.0007359295758689675, 0.0027249649897872906, 0.003342065604018691, 0.0035446149021293736, 0.0037674193122712225, 0.003937560795733206, 0.004032083854531577, 0.004183320803661332, 0.004157664522929468, 0.004142810784033208, 0.0040226315684512735, 0.004032083849702423, 0.003967267972508427, 0.0040172302347544625, 0.0038808470196918135], "Recall@80": [0.03226598612082832, 0.11765529069656351, 0.14035759518699487, 0.14972671288528105, 0.15696760844988583, 0.16268164650260905, 0.165566030969833, 0.17338369030976664, 0.17487938568660838, 0.1780009742585168, 0.17609898333442872, 0.17696918245653256, 0.17414900977629313, 0.17395740211093685, 0.16985129609509242], "NDCG@80": [0.008708695545945503, 0.03405507712947816, 0.04159848974888688, 0.044759106015340035, 0.04742616498085262, 0.04955231808580718, 0.05047862318817169, 0.05276660497056958, 0.05306008048303264, 0.053344411456946794, 0.05229734054481776, 0.05230641599426237, 0.05128472436256075, 0.05172955437382367, 0.05005828626240589], "Precision@80": [0.0006380306885404593, 0.002178081493083043, 0.002585880996805681, 0.002772901644649549, 0.0028883547171913316, 0.002990979840923646, 0.003034865590084239, 0.0031665227297149002, 0.0031624717459419033, 0.003188803140063954, 0.0031152101473248366, 0.003126687936962095, 0.003051744661102468, 0.003082802193435516, 0.0029889543824387996]}