{"Recall@20": [0.025342151929895113, 0.05067192242265817, 0.04158264222793604, 0.04001233995482334, 0.034641280408115226, 0.0358662719897579, 0.029022945561367273, 0.0005359307772170986], "NDCG@20": [0.010542219859858086, 0.021941331778101134, 0.017943168705092067, 0.017728790017870057, 0.015192464230654757, 0.01577053931460752, 0.01225311570436944, 0.00021285955754214464], "Precision@20": [0.0018472508066053638, 0.003545965314027338, 0.0028437939681256836, 0.002776277468350532, 0.0024143891521518556, 0.0025278168491092786, 0.0020308955438234667, 4.861186262217327e-05], "Recall@40": [0.042663159349302864, 0.08261759046525925, 0.0680870287127586, 0.06404386074609705, 0.05547483667668506, 0.05786431614827476, 0.047619871860371046, 0.0009434046749936282], "NDCG@40": [0.014363564669190903, 0.02886418780124611, 0.02371606837599533, 0.02295743056632433, 0.019695419761420353, 0.020575238971456772, 0.016331289214269896, 0.0002847562324824338], "Precision@40": [0.0015812358910802812, 0.0028964567402726027, 0.002352274022292174, 0.002256400628862312, 0.0019458247453499088, 0.0020741061280828916, 0.0017095171740107368, 4.7261532618621645e-05], "Recall@80": [0.06987005569410205, 0.1280340783163604, 0.10877983315377072, 0.10289807797147914, 0.08893853360947, 0.09123221076795551, 0.07563032887081637, 0.0024685527627509576], "NDCG@80": [0.019365080350468092, 0.03719402892009813, 0.031152408594599397, 0.030031188396883665, 0.02580522956479326, 0.026687455831496596, 0.021482305224363934, 0.0006793738441718659], "Precision@80": [0.0012882143372533593, 0.0022820568637172078, 0.0019032894362573478, 0.001814167664473961, 0.0015859620156086739, 0.0016399751747029252, 0.0013705844612323505, 5.671383962526143e-05]}