{"Recall@20": [0.01162879432820084, 0.0423740570934362, 0.054281251817101396, 0.06244468807440102, 0.06580228976558451, 0.06573652932668873, 0.07044727425988889, 0.07061485473082263, 0.07078381157518913, 0.06860392328290969, 0.06892880234950638, 0.0660660842253887, 0.07084567968976978, 0.06856550793803845, 0.07071140351531907, 0.06512013575782706], "NDCG@20": [0.0048532397652774695, 0.017996973612530772, 0.02371680902664664, 0.026649971869564398, 0.028539194624947074, 0.028643364845528076, 0.03000885415594895, 0.03007862549100103, 0.03017873503650073, 0.029019681548691084, 0.029193869082139844, 0.027908871173085978, 0.030252747599064073, 0.029017797682627085, 0.030085817583052583, 0.027585632975935692], "Precision@20": [0.0008561088970886575, 0.0030274387568547684, 0.0038241330778494478, 0.004410176134797168, 0.004620827492207782, 0.004658636758867577, 0.004909798063468995, 0.004885492049760459, 0.004809873670973813, 0.004634330941544659, 0.004720751987724927, 0.004499297890483374, 0.004923301306761945, 0.004682942700138795, 0.0049070974247906575, 0.004483093844320832], "Recall@40": [0.02151348232334397, 0.07071547988837205, 0.08904824736464213, 0.09799938988992098, 0.10542244049415123, 0.10499391023162581, 0.11116480191170919, 0.11323252493817232, 0.11308680930791308, 0.11036868799553069, 0.11318717250636474, 0.10779021720437054, 0.11506367651782902, 0.10975518478512236, 0.11514148045606099, 0.10703934862866854], "NDCG@40": [0.007027812941975556, 0.024216584462873284, 0.03132143110258991, 0.034438127212961224, 0.03720082797048106, 0.03720735495273606, 0.03892654194048366, 0.03936675342561051, 0.03941272986145118, 0.03809977857806686, 0.03878363185584629, 0.036898140594615936, 0.03986670375449799, 0.03796847623561543, 0.03971263886373733, 0.036670452409781146], "Precision@40": [0.0008061467269989872, 0.0025494220792648408, 0.003171923986145239, 0.0034933025112957733, 0.003744463596975519, 0.0037458140410678463, 0.003944312531669673, 0.00396456739499938, 0.003918656178500491, 0.003784973595677306, 0.0038970510191725285, 0.003662093525714798, 0.004044236928994009, 0.0037782219482753398, 0.004006427599555204, 0.003683698858892324], "Recall@80": [0.03804894625348613, 0.11401423880486532, 0.13628857056188237, 0.1516552072397071, 0.15872207532192237, 0.1595761713384616, 0.16928317529588305, 0.17193844030701058, 0.1714969151115603, 0.1697822792091959, 0.17370732041534395, 0.16828788711170378, 0.17598681425679974, 0.17121094071840615, 0.17438051130623028, 0.16590266522880093], "NDCG@80": [0.010113121756366871, 0.03210622305950928, 0.04005087816626384, 0.044285460709366516, 0.047012098010420555, 0.04716477214330678, 0.04954779000007734, 0.05012935480495064, 0.05013447409509595, 0.04897201698697179, 0.04987821342544086, 0.04796912130042854, 0.05099329132491342, 0.04921405861673132, 0.050540444994379714, 0.04744701026466504], "Precision@80": [0.0007264772734902674, 0.0020470995384750273, 0.002479204987493179, 0.0027384682580308727, 0.0028626984630198177, 0.0028498704771868313, 0.0030233877577894486, 0.0030557956762649694, 0.003024062923495476, 0.002961272582052799, 0.0030395917234660817, 0.00291873718281602, 0.003110484035674189, 0.002982202683525852, 0.003070649320992716, 0.002897807065245785]}