{"Recall@20": [0.18082510744167687, 0.09351869707536198, 0.20751902588963225, 0.22898810600340064, 0.23968642512943827, 0.23554114998897696, 0.23649090776253326, 0.2380167918255217, 0.24179192659378695, 0.24056685055458454, 0.241591974060533, 0.23917909488761777, 0.23978688355110997, 0.24044816306250527, 0.2392489738503031, 0.23974423216742088, 0.24289965589290619, 0.24670725232969068, 0.2461174452131606, 0.2492485961707793, 0.2505187317905252, 0.2504685773523968, 0.25062494513230293, 0.24992932689959393, 0.25171376467153966, 0.25041586001526067, 0.2518840865856814, 0.2558638768326636, 0.2540094260228329], "NDCG@20": [0.07919942063631018, 0.036793636929227436, 0.09458510027257282, 0.1085605215244738, 0.11062518935543575, 0.11253232656197194, 0.11232153456450394, 0.11186660194203595, 0.11359974821502593, 0.11291947127919456, 0.11549060301991805, 0.11464086018852705, 0.11354921217825252, 0.11395231957933555, 0.11241420631112178, 0.1144710126943224, 0.11556582952037217, 0.11717933430467034, 0.11618702312545544, 0.11750755039329826, 0.11747918317510535, 0.11593954351231149, 0.11695192729592847, 0.11750694705490004, 0.11873869849202116, 0.11841320516129288, 0.11920463817270271, 0.11917884674536372, 0.11943187500907586], "Precision@20": [0.01348428542487482, 0.008347414924954192, 0.01689760086301937, 0.018148023238573657, 0.01904359626060968, 0.018959108257906063, 0.018688746907091415, 0.018790131607906525, 0.0191956736341285, 0.01895910858020222, 0.019161879915609355, 0.018790131607906525, 0.018925312605610003, 0.018925312927906158, 0.018857722590202495, 0.018840825247498694, 0.01909428893331339, 0.019398445614127947, 0.01933085495412813, 0.019567421297239023, 0.019567421619535178, 0.019618114292238885, 0.01973639794723856, 0.019787089975349965, 0.02012504295305289, 0.020141939651164384, 0.020192632646164246, 0.020513687636571062, 0.02046299560845966], "Recall@40": [0.24824372833344774, 0.18152488458394278, 0.3004821282296859, 0.32027056024621653, 0.32875743787326533, 0.33104277543418914, 0.3296406685641264, 0.3312356168251257, 0.3331772422983905, 0.32981193416140375, 0.33321382935766675, 0.33066323948454396, 0.33218444638576167, 0.3315753169702734, 0.3297537352112992, 0.3335555612577623, 0.3349914447646481, 0.34005790934767344, 0.34088588558608274, 0.33956466215854963, 0.34197067771259293, 0.34021051270851377, 0.3413877187447195, 0.3397158010056713, 0.3435331797752883, 0.34402080611950564, 0.3434755171259822, 0.3454257182552831, 0.3489111732413294], "NDCG@40": [0.09479140848596179, 0.05686838782369466, 0.11590399553583215, 0.12974054066463675, 0.13123104176677614, 0.13434524252512198, 0.13391418044492173, 0.1334462812036306, 0.13478354466610076, 0.13367989434709257, 0.13677420556525113, 0.13586255093207428, 0.13485393156752307, 0.13502695819097985, 0.133199441026054, 0.13608249614028442, 0.13680773210025954, 0.13862679221413352, 0.13812579444712503, 0.13839147734698432, 0.13882125539931142, 0.13681382736510303, 0.13807181886580797, 0.13853526268508154, 0.1401217693652443, 0.14020029875667323, 0.14056114152945068, 0.1400828849789902, 0.14146134046816913], "Precision@40": [0.00973301813706388, 0.00796721891278792, 0.012436634062431519, 0.013180128099467957, 0.013467388082171019, 0.013551876084874634, 0.013374451085819349, 0.013450490417171064, 0.013585671414874542, 0.013433593074467263, 0.013627915093930198, 0.013433592752171111, 0.013467388404467172, 0.01342514408081921, 0.01331530974176374, 0.013467387759874865, 0.013509631761226673, 0.013712403418929967, 0.013805340092985483, 0.013737749432985667, 0.013923622781096701, 0.013864481759337244, 0.013923622458800548, 0.013923622781096701, 0.0141601897687999, 0.014219331435151663, 0.014210882119207456, 0.014303818793262972, 0.014472795120966359], "Recall@80": [0.35077809820146166, 0.3476494998293738, 0.41896166967435156, 0.4220237615906979, 0.42859638571215464, 0.4291320058210914, 0.43602862781912705, 0.43224437593728876, 0.43358452975165807, 0.4317168003403282, 0.43617401690288105, 0.435181334438498, 0.43444858253223745, 0.43283861784888267, 0.4307199718582344, 0.435014256112839, 0.43584934865030417, 0.44039895333886026, 0.4479004195027353, 0.4433953174669705, 0.44750143233567086, 0.4445039956059638, 0.44753899401851344, 0.4487165868101027, 0.45761222878031005, 0.4553563929200374, 0.45730525845408077, 0.45987585131563663, 0.4628661923732416], "NDCG@80": [0.11437999110400737, 0.08828118605644326, 0.13856476438573262, 0.14935190833150716, 0.15055638577898597, 0.15346422417818917, 0.15454577013784745, 0.15321996752657413, 0.15438810285985288, 0.1534959819519105, 0.1567807805099049, 0.1561175543297461, 0.15482341667090208, 0.154704234131932, 0.15292776094251648, 0.15582086138324022, 0.156493227882295, 0.15819494641282422, 0.15895456750475906, 0.1587138561108258, 0.15931808146805165, 0.15707393335546743, 0.1587125385641528, 0.1597915113113264, 0.16221669704054367, 0.16171969316746182, 0.16245701394398576, 0.16217796993481223, 0.16344562516336547], "Precision@80": [0.007058972561427893, 0.007409598223862514, 0.008757181770296345, 0.008828996282527882, 0.008989523455435137, 0.009044440786110948, 0.009112031284962687, 0.009078235793814702, 0.009116255781786714, 0.009048665282934975, 0.009179621783814425, 0.009086684787462756, 0.009090909123138707, 0.00903176761793502, 0.008989523455435137, 0.009069787122462801, 0.00909513378111081, 0.009188070616314402, 0.009352822124897608, 0.00929368029739777, 0.00936971946760141, 0.00931480245922175, 0.009390841790573465, 0.009462656625101155, 0.009648530134360265, 0.00957671546098065, 0.00959361296483253, 0.009682325142064019, 0.009771037963887815]}