{"Recall@20": [0.012035985274746027, 0.04763980330073371, 0.05817022382330918, 0.06433757103273727, 0.06922375904737235, 0.07152861779769168, 0.07266670609056222, 0.07283236540792003, 0.07233678525784779, 0.07119397168233145, 0.07024573692559964, 0.0711848686745116, 0.06861291134397374, 0.07245372332519057, 0.07283686612844081, 0.0723921462734124], "NDCG@20": [0.004952543733752777, 0.020162565450347936, 0.025115153509300523, 0.02843219430088366, 0.03017411178423208, 0.03112137411021125, 0.03129347336914262, 0.031115011866514813, 0.03095284181291758, 0.030303409512439376, 0.030040492471381967, 0.030246953482863274, 0.02939489653497609, 0.030739797942643806, 0.031240782341612483, 0.0307570969014056], "Precision@20": [0.0009479313031236567, 0.0033326132294038877, 0.004069893126020527, 0.004550610482531746, 0.004836880250923369, 0.004950307835200519, 0.005015123742979161, 0.004969212478188725, 0.004909798114979977, 0.004871988848320181, 0.004853084327670556, 0.004893594016501594, 0.004723452574087423, 0.005044830939070998, 0.005104245621406376, 0.005050232329107946], "Recall@40": [0.02280636849536795, 0.07712176712257011, 0.09192723471724061, 0.10318955208913443, 0.10772204375928945, 0.10964967875600673, 0.11237498677754307, 0.11327435368400575, 0.11314165644992359, 0.11413607706039246, 0.11404827020461145, 0.11492091334251164, 0.11373914100702193, 0.1157713349261886, 0.11717307566308661, 0.11572736422495591], "NDCG@40": [0.007292948976324896, 0.02657975580801237, 0.03249243542791842, 0.03693626513423963, 0.03860019770839939, 0.039521454605773415, 0.03994862101203463, 0.039920912289112064, 0.03985878294946515, 0.039624959227203535, 0.039582681473019805, 0.03973008587793847, 0.03913641091851858, 0.04012943370123075, 0.04081669611743862, 0.040148378062405336], "Precision@40": [0.000864210879122115, 0.002722264289134803, 0.0032569947733507693, 0.003698552525351266, 0.003838986697626562, 0.003915955539822154, 0.0039443125204016456, 0.0039308091435020865, 0.003914605230946153, 0.003953764841895749, 0.003971319135765001, 0.00399157412948188, 0.003906503244083541, 0.0040293831957317625, 0.004075294444425016, 0.004028032912611253], "Recall@80": [0.041933477034357076, 0.12348774925117373, 0.14310980414911545, 0.1596128594170923, 0.1642874297588835, 0.16995035614297188, 0.17181272605614953, 0.17430773679723593, 0.1737934841738286, 0.17413868687252537, 0.17467387742224583, 0.17476472574394517, 0.17184553262777125, 0.17681218919221406, 0.1761259302743197, 0.17387241450269883], "NDCG@80": [0.010810052535955522, 0.03505768856554628, 0.041900121638980145, 0.047273996582785374, 0.048956221092902416, 0.050542411683663524, 0.05088635635540812, 0.051110486947165024, 0.05097747577940451, 0.050603718135376737, 0.05070575195086676, 0.050723070277757694, 0.04979568050865016, 0.051402757759419784, 0.05172532386703549, 0.05087204464725636], "Precision@80": [0.0007865669456699619, 0.0022003619299924464, 0.002572377716489213, 0.0028714756912452117, 0.002953845820455787, 0.003038916572247518, 0.003069974099751411, 0.0030753754278142085, 0.003065923085393769, 0.0030672735077549008, 0.0030902290886391363, 0.003095630400604752, 0.0030179864240926376, 0.003163146885087581, 0.00315572001644431, 0.003103057233834223]}