{"Recall@20": [0.010431656224997806, 0.03838488990472153, 0.043081456028102885, 0.0472893995124526, 0.05040273010131928, 0.052586512224610096, 0.05408714579186301, 0.05438295029610012, 0.05310404634223304, 0.05141903023309245, 0.05296194608749549, 0.052836048303006394, 0.05386761793812627, 0.05478951121504677, 0.056051855688928544, 0.05588268991601999, 0.057122807324003474, 0.0585384742866212, 0.05922452504863823, 0.05964437084294839], "NDCG@20": [0.003836988749225415, 0.015549555522287794, 0.017633227993837503, 0.020007757062954226, 0.02144950080332571, 0.022536573386081574, 0.02321601905587864, 0.023086164828779836, 0.022733498884223508, 0.02211221876470989, 0.02219178506103875, 0.022520928953615214, 0.02271258393180825, 0.023219049833268265, 0.023601229548570184, 0.023828893606948894, 0.02412382736311137, 0.024422271444587095, 0.02470856964865037, 0.02542627365140739], "Precision@20": [0.0007318786041688569, 0.0027708761555800573, 0.0030814519054858515, 0.0033515177806381583, 0.0035567679234711053, 0.0036999029155180344, 0.0037944258914159187, 0.003762017984208425, 0.0036782975928036764, 0.003559468566978597, 0.0036458896743281556, 0.0036458896131588646, 0.003737712023620589, 0.0038349357146584243, 0.003910554278562661, 0.004002376647171712, 0.004099600354306729, 0.004134708885705096, 0.004210327330490187, 0.004283245154303841], "Recall@40": [0.019594160259008227, 0.06701235072175177, 0.07312081783987398, 0.07785571913128346, 0.08195354187219411, 0.08468652994931226, 0.08690470676642587, 0.08700516204075742, 0.08511728636193665, 0.08369540825664862, 0.08471432774760006, 0.0854636187479745, 0.08614210419512161, 0.08884434132361188, 0.09123870885254974, 0.09124278769812987, 0.09256735179753184, 0.09266722953073585, 0.09553990137941497, 0.09884878073885282], "NDCG@40": [0.005808837749639443, 0.02177237016896881, 0.024133508594579287, 0.026639755554895648, 0.028250304851880195, 0.02952660781023401, 0.030312211953680626, 0.030182531434490085, 0.029679031200538743, 0.029168854293419397, 0.029093851277698667, 0.029610609536914263, 0.0297201036363824, 0.030590540340011907, 0.03121397736598725, 0.03144916718524077, 0.03177691160170914, 0.031849463840817174, 0.03258371412387043, 0.033894552027572626], "Precision@40": [0.0006859673812310949, 0.0023954844978956212, 0.0025804797097906972, 0.002757372814899157, 0.0028640488636497547, 0.002978826859824869, 0.0030355407292299167, 0.0030287890705599234, 0.0029518203828972772, 0.002931565394814411, 0.002931565394814411, 0.002968024213357583, 0.003003132846973055, 0.0031192610787819926, 0.003201631203163413, 0.00322998815315826, 0.003284001358129479, 0.0032867020016369712, 0.0033839257812093063, 0.003524359953484603], "Recall@80": [0.03851971626796848, 0.11083620403553943, 0.11710472102812715, 0.12336012991816304, 0.1271620228414957, 0.1325332705063092, 0.13500643976695134, 0.13887004361910377, 0.13802435527651927, 0.13560097544912103, 0.13811641652730625, 0.13904940470307825, 0.139225166096625, 0.14233307896647351, 0.1439865675731806, 0.14675449740362564, 0.15048021830813962, 0.14860246489781262, 0.151263487600438, 0.1524349869205458], "NDCG@80": [0.009240619884114731, 0.02978223240940852, 0.03214155861429176, 0.03495438178491937, 0.03651471288412555, 0.03827417826593289, 0.039105912013124466, 0.03965808125207758, 0.03935544422819713, 0.03860336092052313, 0.03878590629749065, 0.03934045334775079, 0.03939709952367721, 0.040344851158911045, 0.04082165447439915, 0.041560530623903386, 0.04232138786149022, 0.04206183826716039, 0.04279027184000846, 0.04370960696567479], "Precision@80": [0.0006690882794270057, 0.00198700985100301, 0.002065328966660802, 0.0021828076771710082, 0.0022395214483832467, 0.0023549746706288204, 0.00238400672837984, 0.00244139570634592, 0.0024184400997061934, 0.0023772550511980874, 0.002394809394968603, 0.0024251917567664687, 0.002440045437712874, 0.0025102625560448856, 0.0025325430484895665, 0.0025966835595676216, 0.002655422980016311, 0.002635168012054922, 0.0027094361133550714, 0.002743194442118838]}