{"Recall@20": [0.012454587362156943, 0.04759718022980597, 0.05839240964370502, 0.06441164722424084, 0.06920346207220533, 0.0711091791204259, 0.07249577204867162, 0.07288945523505465, 0.07176559687665231, 0.07113125685598805, 0.07053056133608587, 0.07103363160787242, 0.06835082017204809, 0.07210975524170475, 0.07324678722462773, 0.07182522052897997], "NDCG@20": [0.005047073893018041, 0.02017078774915705, 0.025178009082962735, 0.028455614528530317, 0.030117563215177234, 0.030955256551159657, 0.031181193484953004, 0.031112492490152154, 0.030703857616741045, 0.030147924502544686, 0.030070726835690346, 0.030163449030323242, 0.029314637300042776, 0.030664870132956455, 0.031250492161675275, 0.030563616084269524], "Precision@20": [0.0009749379120481392, 0.0033353138986668704, 0.004075294532154656, 0.004547909752099473, 0.004842281640960316, 0.004926002017877601, 0.004998919881934209, 0.0049665119634586885, 0.004874689569094146, 0.004866587561305197, 0.004858485511663576, 0.004880090721697662, 0.004709949330794472, 0.005031327757349768, 0.0051285514387292945, 0.0050124231654701135], "Recall@40": [0.022847778379653152, 0.07728261407796747, 0.09199211934066893, 0.1035877459891687, 0.10797642899136493, 0.1094790620217638, 0.11229331755826137, 0.1133785426803396, 0.11286661665344568, 0.11352154198199739, 0.11387921198663283, 0.11439642770199973, 0.1132217292666139, 0.11573892751316459, 0.1169884998648731, 0.11583328481445279], "NDCG@40": [0.007303529087302365, 0.02662729096616127, 0.03252250014724723, 0.0370202070437923, 0.038597341991081294, 0.039407852235076826, 0.039859734640608754, 0.039912902524613714, 0.0396793114388235, 0.03935109289596234, 0.0395093095010257, 0.039580743050387245, 0.03900690802207091, 0.0401147096863032, 0.04068209675021057, 0.040111358832550625], "Precision@40": [0.0008669115548239706, 0.0027236146237662948, 0.003256994855446397, 0.003709355125136724, 0.0038430378093721545, 0.0039051527855037496, 0.0039375608472441885, 0.003926758165363103, 0.003903802476627749, 0.003930809307693341, 0.003965917797239035, 0.003975370113903984, 0.003888948842363171, 0.0040226315684512735, 0.004063141484252575, 0.004034784611524201], "Recall@80": [0.04226540844371178, 0.1233854822325915, 0.14363256726239712, 0.15948733580837474, 0.16465729838817672, 0.16957184077725757, 0.17159061564783099, 0.1746997972331604, 0.17398606601487204, 0.1737752468137565, 0.17431328241802183, 0.17466304553846723, 0.17190639635547392, 0.17667971613392455, 0.17673508018863707, 0.17384768263804573], "NDCG@80": [0.010866156011494677, 0.03506681144372735, 0.042012765055484694, 0.047270573961357455, 0.04896250762189453, 0.0504007300071638, 0.050773266776535, 0.051146263423073664, 0.050864115201256326, 0.050386727300513905, 0.05059956249980055, 0.05065456834714588, 0.04977224281878068, 0.05137071494112471, 0.051730656167968146, 0.05079486263974047], "Precision@80": [0.000789942769370945, 0.0021983364151674637, 0.002579804518329179, 0.0028721509487051756, 0.0029558712837697877, 0.0030314897349937517, 0.0030659231473679186, 0.0030807767510478514, 0.00306457282802875, 0.003060521860352935, 0.003085502853040189, 0.003095630426360243, 0.0030179865013591103, 0.003159771025167939, 0.003165172333109259, 0.003099006178428767]}