{"Recall@20": [0.16349487975063498, 0.1786970839221641, 0.22723906408415004, 0.23867471945692695, 0.24405794701249103, 0.24291923602878665, 0.25057009806218844, 0.25402390614439, 0.25271245989295105, 0.259495912109045, 0.25827646722822584, 0.2619783814672926, 0.2629640868645578, 0.26249147694269603, 0.2604393631914815, 0.26371655813863687, 0.261792646061935, 0.2661180254493706, 0.26721732348113014, 0.2676848127617148, 0.2676059662308714, 0.2688254111116905, 0.26925857198443837, 0.27286418928975953, 0.2704695598142056, 0.27363383765960314, 0.2708987139011807, 0.27085660913176696], "NDCG@20": [0.07029435214822298, 0.07571339583066558, 0.1062480414707381, 0.11388253859468069, 0.1159253006007229, 0.11741058824029312, 0.12377107961228588, 0.12470826783587942, 0.12313825498363705, 0.1270327630901949, 0.12592770755996008, 0.12813966473279348, 0.12904091306778578, 0.1283409167641359, 0.12851460602848302, 0.13034378108481937, 0.13000933307777912, 0.13139126420867084, 0.13074989486441654, 0.1307093500083828, 0.13095019289914642, 0.13203610145953024, 0.1320106065446519, 0.1333041924324822, 0.13076897737503695, 0.13298721029855948, 0.13343585427849225, 0.13302687850905737], "Precision@20": [0.012369043724727856, 0.015309226154354465, 0.018807029595202633, 0.019702603261830962, 0.020192633613052704, 0.020277120971164013, 0.020784049309681862, 0.021037512995496558, 0.02088543465508928, 0.021189591658199988, 0.02113889866320013, 0.021189591013607685, 0.02127408030549591, 0.021071308325496467, 0.020784048665089556, 0.02093612765008914, 0.020851639325089374, 0.021172693993200035, 0.021290976681311254, 0.021307874990903513, 0.021240284008607547, 0.021375464361718718, 0.02140926001401478, 0.021662724344421777, 0.021493748339014546, 0.021865495357532766, 0.021713417017125487, 0.021797905019829103], "Recall@40": [0.23452394723328193, 0.27276147221664837, 0.32125839021972163, 0.3276818814653124, 0.3343651640370876, 0.34479956128944533, 0.348188868887161, 0.3486944664648636, 0.3450970174332413, 0.3540790296156852, 0.35411993286504095, 0.35773870501013855, 0.36181288935437966, 0.3604986326804875, 0.3602048017238193, 0.3614120560749514, 0.3655941967385651, 0.3652656454619382, 0.3652055539888238, 0.3655393496684506, 0.3645621116357141, 0.3683687540758861, 0.36778298984229785, 0.36717934719651646, 0.36827959406815014, 0.3692404697697966, 0.36992105610993475, 0.3676563764432267], "NDCG@40": [0.08646543399028256, 0.09735707150556301, 0.12812340553647242, 0.1348729728242359, 0.137158568222082, 0.14095142412201783, 0.14634402920644643, 0.14673434273944427, 0.14476872038381974, 0.14919130171259823, 0.14837135193758053, 0.15054684065612195, 0.15209462538729168, 0.151276905901652, 0.15192633007135936, 0.15325413091878062, 0.15416751048096775, 0.15455755328519719, 0.15372160472914995, 0.15358853509354406, 0.15369183487809965, 0.15509972503032987, 0.1550036292093837, 0.1554294133677842, 0.15373354515702228, 0.15529014275419667, 0.15652736291244007, 0.15566650473132815], "Precision@40": [0.009141601795842415, 0.01168469135404318, 0.013627915093930198, 0.014008110783800317, 0.014286921772855324, 0.014658668791373545, 0.014709361786373405, 0.014836093145836523, 0.014717810457725305, 0.014988171808539955, 0.015005069151243756, 0.01506421113989167, 0.01516559680759524, 0.015106454818947325, 0.015013518789484115, 0.01504731379718787, 0.015131801799891485, 0.015174045156650988, 0.015258533481650757, 0.015174045801243295, 0.01512335248394728, 0.015190943143947094, 0.015224737829354696, 0.015250084810298856, 0.015351470155706273, 0.01537681681435428, 0.015402163473002288, 0.015334572813002472], "Recall@80": [0.3250913217124926, 0.38528018498912214, 0.42908425442307896, 0.4414339932528409, 0.44271526742763073, 0.45316817221427214, 0.4560747059586484, 0.4552339616358462, 0.456330975232474, 0.4614334957307156, 0.4626050654517996, 0.46481638834580413, 0.46240324102248964, 0.460479736328125, 0.46439809434999685, 0.4683601918273699, 0.4673496773614397, 0.4713384661170106, 0.4722392555022812, 0.47047534154935156, 0.47289422316581825, 0.47315388557354154, 0.4733641567404265, 0.4732321958035865, 0.47867644304518525, 0.47780244807288147, 0.47801930955150074, 0.4828243996896386], "NDCG@80": [0.10380586686670962, 0.11894303940969289, 0.1491333090320315, 0.1567228677587841, 0.15832038665389886, 0.16186754717219315, 0.16744173906589932, 0.16746497275096897, 0.16637824942591062, 0.17019041731132772, 0.16944462143516734, 0.17141365497327407, 0.17192163754250803, 0.17105158747511565, 0.17248338168841354, 0.17419740677524476, 0.17430784090744075, 0.17537091542998454, 0.17464941810538295, 0.17424244057209598, 0.17501454097107078, 0.17572530454459648, 0.17579361585879413, 0.1762947348091561, 0.17525733053059786, 0.17649773755320103, 0.1777254048534727, 0.17819174675975308], "Precision@80": [0.006471781200474684, 0.008267150774482297, 0.009289455961721819, 0.009492227458277035, 0.00961473512665651, 0.009775261977267611, 0.009897769806795163, 0.009838628301591476, 0.009885096638619235, 0.010003379649026607, 0.009973808976998802, 0.009965359822202672, 0.009978033473822827, 0.009931564975646994, 0.009965359822202672, 0.010003379649026607, 0.010016053139498686, 0.010070969986730268, 0.010087867651730222, 0.010058296979702418, 0.010092091987406172, 0.010087867329434069, 0.010096316323082123, 0.01010054081990615, 0.010185028822609766, 0.010168131157609811, 0.010206151306729899, 0.010303311994165213]}