{"Recall@20": [0.011797801173633462, 0.04764720316233022, 0.05774694201471585, 0.06430170249382647, 0.06941792000907279, 0.07182858561264126, 0.0725518789174967, 0.0731135255332074, 0.07317891398554836, 0.07165845897963434, 0.07127235408888866, 0.07118919724533132, 0.0692486919078763, 0.07247488073979699, 0.07292993781864611, 0.0726699375804923], "NDCG@20": [0.004829578900860056, 0.020113719002891724, 0.02491794433374313, 0.028447136735251646, 0.030136673963261792, 0.03132578094100622, 0.03145916250492, 0.031581123665649635, 0.031313451510649126, 0.030697072094429696, 0.030450476410966643, 0.03053352953072332, 0.029765818744134837, 0.03100705002558802, 0.03135712805198158, 0.031059610801161888], "Precision@20": [0.0009236253739253251, 0.0033380145421743625, 0.00405098849269063, 0.004547909773025809, 0.004866587416430561, 0.004988117153371296, 0.005015123895902388, 0.004990817935314551, 0.004963811191173742, 0.004904396776454011, 0.004907097403864321, 0.004888192832508574, 0.004750459174158455, 0.00506913685941588, 0.005101544952143394, 0.005061035109181841], "Recall@40": [0.02270273087258291, 0.07670565141873804, 0.09127773480859884, 0.10360357263529418, 0.10691812052072042, 0.11007977567353155, 0.11320946331710297, 0.11336112125421866, 0.11397447199212098, 0.11453167810364857, 0.11483945910431234, 0.11519976824834303, 0.11448128156197358, 0.11669691556522781, 0.11704914353766167, 0.11572211999492434], "NDCG@40": [0.0072136018688817565, 0.026419036445316853, 0.03225950752026295, 0.03703060600352465, 0.03835236369449582, 0.03972839613744813, 0.040329922233298024, 0.040362103062391, 0.040205331939181334, 0.040019446937855266, 0.039938538239586104, 0.040106550411180275, 0.03952396396325012, 0.04055434032072191, 0.04092511662502481, 0.04041479969817927], "Precision@40": [0.0008655612137536064, 0.002706060304946411, 0.003234039157052734, 0.0037120557992288616, 0.0038227829138480834, 0.003928108448483613, 0.003978070701071339, 0.00393486012164107, 0.00393486012164107, 0.003969968728696191, 0.003992924356262254, 0.004001026343124866, 0.003921356801081646, 0.004055039502219118, 0.004083396477969455, 0.004034784487575901], "Recall@80": [0.040307979186075454, 0.12240493401886643, 0.1432584590732607, 0.1590109095017622, 0.16429803525189723, 0.16882665092671834, 0.17173049145233196, 0.1736451291981302, 0.1743288174604795, 0.1747032060238897, 0.17548709159357392, 0.17568893330625443, 0.17221412939941366, 0.1775193764553789, 0.17671790107017435, 0.17442603073664073], "NDCG@80": [0.0104630770868213, 0.03478372729312682, 0.04182310638538998, 0.04719928061201053, 0.04886333847375569, 0.050469951391657934, 0.0510892967458187, 0.05145851257643999, 0.05128551987240765, 0.051039157849196756, 0.051085537706168874, 0.051217843224990185, 0.05013645547788731, 0.05178974135024792, 0.05196075044363895, 0.05124409890038362], "Precision@80": [0.0007636113470788263, 0.00217875669420287, 0.0025777790550151783, 0.002865399224036737, 0.0029572216184012793, 0.0030186616107250016, 0.0030686238069725924, 0.0030787512515151913, 0.0030767257729088678, 0.0030787512877338504, 0.003110484005089544, 0.0031138597869378544, 0.0030294642040715873, 0.0031725991397783797, 0.0031712488156100567, 0.003115885306591991]}