{"Recall@20": [0.09473934992216212, 0.11005018465661567, 0.15474621513962303, 0.1888001168970725, 0.1969953139273852], "NDCG@20": [0.037912981137104555, 0.050951216099188915, 0.07272472039957875, 0.08868265232551577, 0.09383111291739053], "Precision@20": [0.007502534897918031, 0.00904021677273115, 0.012875972063245705, 0.016187901511390535, 0.016948293858019232], "Recall@40": [0.170123838661248, 0.17187219731265446, 0.2209078320461014, 0.27264346025730557, 0.2940549963267521], "NDCG@40": [0.054775609322277506, 0.06527180363899068, 0.08807674071481801, 0.1081713166902419, 0.1163123550750227], "Precision@40": [0.006666103381085694, 0.007265968232510984, 0.009471105135304978, 0.011802973881006321, 0.01269854706419042], "Recall@80": [0.2737105441439913, 0.26438106576829956, 0.3039462652589953, 0.3687985682253823, 0.39670898189976556], "NDCG@80": [0.0740064870428902, 0.08293708912139408, 0.1039408986412943, 0.12666164035932484, 0.1360249366257472], "Precision@80": [0.005288949082050021, 0.0056269010928644845, 0.006539371699326423, 0.007996789584815724, 0.008571307938741083]}