{"Recall@20": [0.011974711365095545, 0.04694343293165174, 0.05848203875197697, 0.06451674034132664, 0.06898908737708441, 0.0717513471619671, 0.07211082458393071, 0.07342055323727383, 0.07315961014210978, 0.0715655125641367, 0.07154276613876476, 0.07145030764816414, 0.06921428875337476], "NDCG@20": [0.004946200858185484, 0.020021349355856904, 0.025176180533254277, 0.02843388077042666, 0.03018148368824323, 0.03149138946853602, 0.03144826733990031, 0.03179112104768435, 0.03148525687367403, 0.03073064655313433, 0.030634330430864786, 0.030632684674313997, 0.02965779387952185], "Precision@20": [0.0009317273648122326, 0.0032975046062515842, 0.004091498428613408, 0.004558712285886486, 0.004853084327670556, 0.004988117153371296, 0.00498541657586225, 0.005012423031863505, 0.0049773146308523105, 0.004907097497227976, 0.004939505280487169, 0.004928702521339611, 0.004750459184219194], "Recall@40": [0.022034677120397063, 0.07586629769064714, 0.09115263673210165, 0.10355765450988486, 0.1074396968209822, 0.11047434320044953, 0.11390260909872642, 0.11406701044064303, 0.11408536565784143, 0.11509494203540925, 0.1150912884644946, 0.1148372908268014, 0.1141764272092498], "NDCG@40": [0.007153799689149604, 0.026312765181933855, 0.03235365703912846, 0.03697335839825289, 0.03856253595631362, 0.039999156401560966, 0.04059508134778664, 0.04065635501275995, 0.040432114573834436, 0.04020143846874684, 0.04011334400139914, 0.04006994663027124, 0.03937360128264866], "Precision@40": [0.0008453062715477081, 0.0026750027371995637, 0.0032569947894479515, 0.0037201578070178098, 0.0038308847622749317, 0.00394026149075168, 0.004011829041103134, 0.0039605164023729334, 0.003964567406267407, 0.003996975344059546, 0.004005077295508358, 0.003991573954827458, 0.003922707079373001], "Recall@80": [0.039733916080009604, 0.12225928156682633, 0.14158408348460144, 0.15899886674933522, 0.16287259534250856, 0.16919065745175368, 0.1722229908336068, 0.1732727847450094, 0.1736703341911508, 0.1759691432084612, 0.1749814400163469, 0.17585170239393635, 0.17213247336694332], "NDCG@80": [0.01040105456807282, 0.03481951610591559, 0.0416203256017564, 0.047124915418143766, 0.048758036968993154, 0.05075929442273112, 0.05131591302575619, 0.05157848546478446, 0.051377336317253795, 0.05134715268482358, 0.051134379453248, 0.05126525042986038, 0.050013493742092366], "Precision@80": [0.0007487577176434028, 0.002178756657984211, 0.00255752411280928, 0.0028748515567988677, 0.0029416927991140554, 0.0030348655490364256, 0.003083477436408016, 0.0030713244496752253, 0.0030679485744632604, 0.003106433006024224, 0.0031071081604622246, 0.003107783319729379, 0.0030267635348086045]}