{"Recall@20": [0.0117093031950101, 0.046205204906197825, 0.057409753446073145, 0.06348672389108444, 0.0688439098305407, 0.07018630426311462, 0.07200640718790371, 0.072477824283339, 0.07383376843498916, 0.0734351459635866, 0.07260072327875815, 0.07257363097487664, 0.07241896877564917, 0.07397550372154316, 0.07343164335848176], "NDCG@20": [0.004997161245505754, 0.019530928648740255, 0.02441466419333913, 0.027857348633543957, 0.030210605460417584, 0.030859416622161042, 0.03174696112729901, 0.031629450341544345, 0.03172332271201134, 0.03155393419917876, 0.031068741283651637, 0.031135898442817993, 0.031006864566737045, 0.031921461886150145, 0.03142719402984936], "Precision@20": [0.0009317273559587827, 0.003275899376096022, 0.004107702383022014, 0.004507399877345985, 0.004866587519452525, 0.004928702645287911, 0.004996219077454899, 0.0049746139503213, 0.005034028479331021, 0.0049989199431035, 0.004939505393972301, 0.004985416462377118, 0.004971913281058317, 0.005115048133864624, 0.005061034903137913], "Recall@40": [0.020878041294077707, 0.07858511324228627, 0.09208402739779614, 0.10158175686542321, 0.1073484641500924, 0.11045113843036185, 0.11429505589276961, 0.11485611855423553, 0.11551613247238741, 0.11585759990375243, 0.11628814324120074, 0.11757179443426957, 0.11715218211348427, 0.11880597048834976, 0.11670825964845359], "NDCG@40": [0.0070155549348141135, 0.026553545281994453, 0.031981585967665656, 0.03616657667365048, 0.0386225282212268, 0.039669960328359975, 0.041005392272644686, 0.040940854607872924, 0.040817112261782564, 0.04077739489958072, 0.04053044496865719, 0.04086827504218906, 0.040713181837699425, 0.04163597185642374, 0.04077261202765732], "Precision@40": [0.000816949365417682, 0.0027992331112089174, 0.003312358240516162, 0.003633736652986424, 0.0038335854363670692, 0.003949713787295152, 0.004036134863255206, 0.004040185857491371, 0.004010478566426161, 0.004011828907496524, 0.003991573949193444, 0.004048287859646306, 0.004038835609784661, 0.004119855389071423, 0.004026682593272084], "Recall@80": [0.03773441296153312, 0.12183517733389813, 0.1457071764829466, 0.1582249519543474, 0.16266023045136319, 0.16824048716988202, 0.172479023747456, 0.1766471489853461, 0.1775962417089902, 0.17843768224997436, 0.17833245149554527, 0.17965882110636913, 0.17962290698023944, 0.18205836432997732, 0.17905725432972136], "NDCG@80": [0.010125064909091144, 0.03452898382792865, 0.04183069225314164, 0.04654668399192247, 0.048769805077743075, 0.05029186417426251, 0.05170954458525774, 0.052249646977522185, 0.05221548953040367, 0.05226424039923322, 0.051926163330543784, 0.05225278466595446, 0.052147764900506696, 0.05321959477206524, 0.05219669618654988], "Precision@80": [0.0007285027818763772, 0.0022111645032175547, 0.0026311170540374157, 0.0028518959292328045, 0.0029403425417490366, 0.003045668158480193, 0.0030969807263827934, 0.003143567071564192, 0.0031368154402594078, 0.003149643529114358, 0.0031219618108239843, 0.003154369764713305, 0.0031523442337911406, 0.003216484976668614, 0.0031435670562718694]}