{"Recall@20": [0.010268535883931217, 0.0441236115176747, 0.05544568201474885, 0.061953638379563775, 0.06681569236600014, 0.07100694661420147, 0.0734189109383977, 0.07498323006932313, 0.07628139404366106, 0.07569829632348139, 0.0737991812059943, 0.07306646346479277, 0.07415582017969645, 0.07400635509082999, 0.07237713277964505], "NDCG@20": [0.004377035751087279, 0.018680638398750175, 0.024248300501938914, 0.0274981870125318, 0.029475257227226867, 0.03113658560575362, 0.032188800951825934, 0.032936828993071716, 0.03316518731646266, 0.03287106584341052, 0.032007673536970094, 0.03186946398395177, 0.031866452239869905, 0.03213016014834698, 0.031041955837127367], "Precision@20": [0.0008182996819398439, 0.0031408664127643773, 0.004029383200560917, 0.004445284721730813, 0.0047909690996180655, 0.00504753174194059, 0.0051636600373333955, 0.005255482399503575, 0.005231176427647711, 0.005174462785212927, 0.0050313277778736756, 0.005050232267133796, 0.005061034892674746, 0.005109646836386472, 0.004963811252343033], "Recall@40": [0.018691670756830925, 0.07172768206399087, 0.08988781684648016, 0.09855963927025128, 0.1054859071232735, 0.11081948645547333, 0.11413932858809445, 0.11837275105237678, 0.11939060789752988, 0.11951771008603913, 0.11915714503545102, 0.11982615730398556, 0.11806565107840293, 0.11971298971173057, 0.11671330896093017], "NDCG@40": [0.006241467130535736, 0.024772784848237406, 0.03180789286881425, 0.03553020606432953, 0.037907937052853356, 0.03983285382794061, 0.041137796299779754, 0.04241192998259735, 0.04259511912449836, 0.04244348198494154, 0.04185711190086778, 0.04200550380994012, 0.04137852218453204, 0.04207270956971777, 0.04067276084836441], "Precision@40": [0.0007372799247867077, 0.002614237946800528, 0.003274549047098544, 0.003578373262282645, 0.0037998272251127297, 0.003992924366725422, 0.004094199082584068, 0.004199524798312892, 0.004196824056612591, 0.004165766591887708, 0.004096899694702056, 0.00413335862673036, 0.004056389795802795, 0.004172518156389187, 0.004025332403515229], "Recall@80": [0.03406878621065425, 0.11630110793717932, 0.14127276831547875, 0.15280640999673573, 0.1599106161231496, 0.16861079565144851, 0.17186963997328142, 0.17920744752631507, 0.18048232701732103, 0.18096834085692567, 0.18041038600752263, 0.18090903317296017, 0.1787547400693882, 0.18056369273389816, 0.17720320802457623], "NDCG@80": [0.009052017150512973, 0.03297473862244061, 0.041193183843499966, 0.045515203419290065, 0.047946217908217424, 0.05048999122400398, 0.051782270635296, 0.05357185322612257, 0.05384941945596765, 0.05377881900659194, 0.05309059574316346, 0.05319727244948393, 0.052534501315888826, 0.05322596362848396, 0.05178586857435036], "Precision@80": [0.0006535594788527558, 0.0021382467478169237, 0.0025642757658452596, 0.002794506906194616, 0.0029248136854382947, 0.0030767257729088678, 0.0031239872532116486, 0.0032151345543074816, 0.0032245869071910894, 0.003220535801079511, 0.0031611214579922394, 0.00317529991769734, 0.0031300637976865962, 0.0031935292565437555, 0.003111159194941344]}