{"Recall@20": [0.009132816775887963, 0.04508668199089803, 0.056587701381070575, 0.0636110132709234, 0.0688825651393205, 0.07072125746310884, 0.07459699634961205, 0.07568440883401997, 0.0762618766099366, 0.0765678427756908, 0.07515049227965603, 0.07484245660869841, 0.07465255251453108, 0.07443590639115823, 0.07366733534541876], "NDCG@20": [0.003729578695545009, 0.019454571344920183, 0.024859412282824424, 0.027911524065913372, 0.030446369575606806, 0.031187474553781052, 0.03272797716376049, 0.033212681278703894, 0.033399910884064736, 0.033481280670009425, 0.032974236699434285, 0.033042295081859865, 0.032688028407789685, 0.032676948807699786, 0.03217495736903759], "Precision@20": [0.0007345792567310136, 0.0032191854608140057, 0.004134708786707428, 0.004545209103762827, 0.004915199350483979, 0.0050124231348854685, 0.00525818311061923, 0.005268985724892152, 0.00528789035822205, 0.0053202982766975705, 0.00526628516991916, 0.005258183059108248, 0.005250081205852245, 0.005225775079463437, 0.005155558090713738], "Recall@40": [0.016061930377243586, 0.07352882795590387, 0.0904041171859456, 0.1006827643665315, 0.10705662445899952, 0.11010306978941711, 0.11492192185026813, 0.11686283091792049, 0.1162519617730757, 0.1180426905218798, 0.11740281010879429, 0.11581240483799415, 0.11558687438379679, 0.11389711869771298, 0.11076830390772759], "NDCG@40": [0.00524587995408227, 0.025700624501381938, 0.03222038844523657, 0.0360438250640279, 0.03882176148217943, 0.0398728390086144, 0.04153041488294714, 0.04224002833910865, 0.04219597941845015, 0.0425455960931744, 0.04221352808957379, 0.041989499412294316, 0.04160135767430766, 0.041302351646654106, 0.04036847427543713], "Precision@40": [0.0006306038732191032, 0.0026574484586226344, 0.00328265101303482, 0.0036391380068047123, 0.0038727450787061695, 0.003978070716363662, 0.00410095072515688, 0.004163065912161557, 0.004142810995711149, 0.004194123376886441, 0.004180620061156172, 0.004129307633299053, 0.004094199088218082, 0.004067192503439372, 0.003992924274166627], "Recall@80": [0.030317265077969856, 0.11493268615163865, 0.14024254909225684, 0.152945796292377, 0.15926555527638345, 0.16721569679205034, 0.17201584282016166, 0.17469362487825935, 0.17557575662231115, 0.17579298955878828, 0.17606766754213027, 0.1751493533512448, 0.17226033068068974, 0.16963769895824124, 0.16675205046303576], "NDCG@80": [0.007859737856078769, 0.0333674788101582, 0.04135281222935718, 0.045607282479999005, 0.04842003715389862, 0.05034841586617063, 0.052062490633655166, 0.05289354603272787, 0.053152298172671246, 0.05320054783964821, 0.053030863338275544, 0.05292716055409857, 0.05208255583515973, 0.05157385028772353, 0.050624787762392494], "Precision@80": [0.0005752403613840309, 0.002109889824382427, 0.002549422100191177, 0.002784379419799344, 0.0029126607099735314, 0.003034865579621071, 0.0031179108471724648, 0.0031604462367509347, 0.003175299829967699, 0.0031766501388436996, 0.0031834018015379885, 0.003162471730649581, 0.003111159159527544, 0.0030645728900028997, 0.0030112348032510215]}