{"Recall@20": [0.19513336521985364, 0.09908042513224352, 0.2259871678482886, 0.24240963166531135, 0.24758499109410642, 0.2528870773702185, 0.2558984630774227, 0.2581552529343079, 0.26551709009127344, 0.26752214344742736, 0.26884752836288656, 0.26395111754360373, 0.2663552715150679, 0.2647668980955876, 0.267676634174539, 0.26486278249025746, 0.2669968419721216, 0.26549858771372825, 0.26893256297986545, 0.2664828028135825, 0.26834717003144537, 0.2689695625782174, 0.27034350334288665, 0.27139960337668184, 0.2691245999196044, 0.26864583285203775, 0.26659371910082325, 0.26883358454212786, 0.2661911273735848], "NDCG@20": [0.09061558998368326, 0.04241695771470349, 0.10763372412884949, 0.11792889975663495, 0.11933762787886269, 0.12229708007317452, 0.1233713447181467, 0.12523124362214588, 0.12713958750547852, 0.12762997786150304, 0.1288811934078896, 0.12779662559950178, 0.12813273923306015, 0.12828711909029522, 0.12870871597707734, 0.12870949464458273, 0.13027977049048586, 0.1296218737995113, 0.1306439006840228, 0.12996494129486444, 0.13062307519580754, 0.13150720315915823, 0.13198537462343432, 0.13170289622645556, 0.1315245762109837, 0.13142190039178012, 0.1316639886348785, 0.1322944463205805, 0.13173241081895276], "Precision@20": [0.014396756111910795, 0.009293680458545846, 0.018570463896684045, 0.019837782970349827, 0.02019263329075655, 0.020598175639274678, 0.02090233199779308, 0.02091922934049688, 0.02129097732590356, 0.021358567341311068, 0.021544441656310562, 0.02117269334860773, 0.021358567341311068, 0.021341669676311115, 0.021544441978606714, 0.021358567985903375, 0.021628929336718023, 0.021443055344014684, 0.02167962168712558, 0.021578236986310468, 0.021662724666717932, 0.021781007999421457, 0.021831700994421315, 0.021916189319421086, 0.021713417017125487, 0.021662724022125626, 0.021595133684421963, 0.021781007032532995, 0.021645826679421824], "Recall@40": [0.2723423892398588, 0.18920927057398376, 0.32771810239615895, 0.33857454259317443, 0.3489755602775695, 0.35402470853289225, 0.35774244880225053, 0.3591125013861313, 0.36160019452042497, 0.36259808013390027, 0.36639482679299384, 0.3655893855015947, 0.3645648034531831, 0.3654857041183941, 0.36715950922371365, 0.3681701474513666, 0.36713095120619826, 0.36847282221447014, 0.37028837574620066, 0.3708812614355832, 0.3688370684346221, 0.36963688888111484, 0.36759187080200234, 0.3670811989936687, 0.36726800184388464, 0.3681611747264701, 0.36969885225028515, 0.36983361845283985, 0.37304552393452706], "NDCG@40": [0.10826172720705105, 0.06332255650630228, 0.1310289388735901, 0.14008974601949298, 0.14293612383152432, 0.14579190495611244, 0.14688488856164456, 0.14869879709381073, 0.1495569866627767, 0.15000107208592298, 0.15155293837557293, 0.15146788571000946, 0.15105789921983911, 0.15175249383996653, 0.15183360675735705, 0.15273401970072106, 0.15356106772621003, 0.15362294085245753, 0.15424079804776608, 0.1542901325644815, 0.15415958973071428, 0.15501406386962974, 0.15479068685198363, 0.15427033842395552, 0.15475345520040157, 0.1549615063913854, 0.1558808471432164, 0.15601272299387198, 0.15668274575530294], "Precision@40": [0.010484961167748372, 0.00871071327212051, 0.013670158128393546, 0.014185535782855602, 0.014641770804077437, 0.01484454246178073, 0.014945928129484299, 0.015030416454484068, 0.015106455463539632, 0.015199392459891301, 0.015275431146650711, 0.015216289480298949, 0.015216289158002796, 0.015250084488002703, 0.015334573135298625, 0.015359919149354327, 0.015351470155706273, 0.015393714479354234, 0.01544440682976179, 0.015511997812057757, 0.015486651475705904, 0.015545792819761513, 0.015444407152057943, 0.015511997812057757, 0.015520446483409658, 0.01555424116881726, 0.015604934163817122, 0.015621831828817075, 0.015723217496520645], "Recall@80": [0.37243988563096697, 0.3403003843461553, 0.43232699720067486, 0.439172515920708, 0.44589268464258935, 0.45189333364906326, 0.4596474593698515, 0.4601035625719468, 0.46156239356491846, 0.4642617295585238, 0.46498925253199985, 0.4671009162987918, 0.4688958119363066, 0.4710723887266602, 0.4723423799577296, 0.47603986455847097, 0.47675601176693455, 0.47507898885682454, 0.4800000849830496, 0.4789453153877735, 0.4815057185341596, 0.48141370169332437, 0.4813089786489576, 0.48117513034584636, 0.480876606757192, 0.48032408285962847, 0.47910933061079547, 0.47663008421407677, 0.47810862426139006], "NDCG@80": [0.12743082720107748, 0.0917062917324529, 0.1510514790804735, 0.15948056513975503, 0.16174211982296463, 0.16484124485646282, 0.16665515854536742, 0.16837715337146736, 0.16908089088886, 0.16973024544259832, 0.17084673861870697, 0.17132477342941424, 0.1714133584608134, 0.17231851044680951, 0.17227047542818255, 0.17359895954344795, 0.1748273255817791, 0.17441335293278978, 0.17554350373067337, 0.17534004203690673, 0.175991753220115, 0.17656650266038199, 0.17686809708678106, 0.17634624804786508, 0.1767465656534487, 0.17678902623781526, 0.1772143591816017, 0.17688894835868854, 0.17720897296829455], "Precision@80": [0.00737580273271453, 0.007392700236566407, 0.009116255620638636, 0.009302129291045822, 0.009488002800304932, 0.009618959140036307, 0.009766813305915712, 0.009821730636591523, 0.009847076650647225, 0.009889321135443262, 0.009918891807471067, 0.00996958464132285, 0.010003379487878529, 0.010024501810850586, 0.010041399314702463, 0.010092091987406172, 0.010138560646730084, 0.010125887156258003, 0.010206151145581823, 0.01022304816598947, 0.010244170488961526, 0.010218824152609673, 0.010261067992813405, 0.010282189993489309, 0.010286414490313336, 0.010320209820313243, 0.01030753649098924, 0.010273741644433561, 0.010307536329841162]}