{"Recall@20": [0.012908994063350285], "NDCG@20": [0.0051776169185261366], "Precision@20": [0.0010100464643728428], "Recall@40": [0.02349130672320081], "NDCG@40": [0.0074638078572542245], "Precision@40": [0.0008804148367501573], "Recall@80": [0.04296519419692873], "NDCG@80": [0.011053714469401977], "Precision@80": [0.0007993950602804029]}