{"Recall@20": [0.0477775645924807, 0.13043982276001184, 0.18053315869454153, 0.19731730583270848, 0.1882753439874575, 0.19404976945666294, 0.20896458343784324, 0.2061357050177293, 0.21342326967085323, 0.2151508544014289, 0.22681622184503317, 0.22661183967345386, 0.232918938175574, 0.23319171932590455, 0.2380602373469315, 0.240151650601845, 0.24514958213091945, 0.2448084226287914, 0.2457297358330781, 0.24312790860675323, 0.2443681351435108, 0.24703179682054485, 0.24962838995734676, 0.24779366882881146, 0.24975660194533625, 0.24663938449499936, 0.2486383993104327, 0.2520950332853028, 0.24932893299903366, 0.2523592233093819, 0.2502145667300107, 0.2511082655999176, 0.253177283139759, 0.25358417043012316, 0.2547551935369318, 0.2539620820071577], "NDCG@20": [0.018580244618035844, 0.05603019737560792, 0.0773758818950956, 0.08400039827553715, 0.08587071121282858, 0.09004726841788954, 0.09700780045385898, 0.09954654787713993, 0.09967155495218508, 0.10122752600563825, 0.10875045193655743, 0.10968010616528097, 0.11360460328427309, 0.11344879501048839, 0.11653350696002926, 0.11709225504089747, 0.11800834704750734, 0.11752710732385571, 0.11932168324358683, 0.11812439686787132, 0.11851974853433117, 0.11890609653546384, 0.12008221965659588, 0.11807459824469574, 0.11974499474590233, 0.11847004788918607, 0.1202385229772714, 0.12087828599749968, 0.11955406650492935, 0.12164462116289156, 0.12009722834384373, 0.12130713325853724, 0.12162964857281282, 0.12223869290211668, 0.1217557514547778, 0.12160784330429278], "Precision@20": [0.003852652955514509, 0.012200067719320624, 0.01554579249746536, 0.016542751509501106, 0.016204798854094336, 0.016492058836797396, 0.01711726954113031, 0.017286245546537543, 0.017657992565055763, 0.017826968892759146, 0.01857046357438789, 0.018654950932499203, 0.019026698595609726, 0.018959107613313757, 0.019313956966832024, 0.01921257194372076, 0.019719499959942457, 0.019601216627238932, 0.019685705274534854, 0.019533626611831424, 0.019601216627238932, 0.01958431928453513, 0.019753295612238517, 0.01963501195723884, 0.01963501195723884, 0.019635011634942686, 0.01988847628764584, 0.01992227065075729, 0.019770192632646164, 0.020006759298053213, 0.0199391692826457, 0.020057452615349226, 0.020192632968460397, 0.020226428298460306, 0.02042919898927514, 0.020378506638867585], "Recall@40": [0.09120801672334404, 0.22453116790472394, 0.28608925868708285, 0.2911817338588311, 0.29203587538811676, 0.2985519043051258, 0.30010943527195894, 0.30218663655571454, 0.31782121261900925, 0.3143326584331568, 0.31943064100156565, 0.3237415351107057, 0.32514256422243315, 0.3271579310554796, 0.3273261026096892, 0.33331776342105124, 0.3357262181123796, 0.33510919373033016, 0.3405990110695785, 0.3388900937321783, 0.3365933700927652, 0.33762652779721297, 0.33838732720388276, 0.33940533956751384, 0.3390913818606898, 0.34133690424407, 0.34428271170845304, 0.3418522738411282, 0.34202728838725605, 0.34372563956757984, 0.3426793218666172, 0.3432763638871874, 0.3432993010597964, 0.3443658538024222, 0.3444616144353693, 0.34486380393700894], "NDCG@40": [0.028255005630539575, 0.0774028774208618, 0.10160158292068425, 0.10551965732194153, 0.1096242561095387, 0.11381293036076377, 0.11838420366427108, 0.12170093016835555, 0.12350470828784403, 0.12416454133410516, 0.13015318803184536, 0.13214957806740954, 0.1350954319424386, 0.13515491492041626, 0.13740601689479529, 0.13884958909870443, 0.1390476594224255, 0.1386952711223307, 0.14134996265283747, 0.1403211056682539, 0.1400518543053898, 0.14003351178673645, 0.14081259440956748, 0.13939291337487986, 0.14067781273679744, 0.14036125861216575, 0.14232436190105927, 0.14176492281723924, 0.1411587353210346, 0.14295757328509157, 0.1416289035272421, 0.1428048126437286, 0.14264959997323445, 0.14342072059190447, 0.1426302415771072, 0.14272428501615173], "Precision@40": [0.0036583306137554224, 0.009986482145174728, 0.012369044047024009, 0.01237749271837591, 0.012504225044727486, 0.012588712402838797, 0.012757688730542182, 0.012850625726893852, 0.013298411754467634, 0.013340655755819442, 0.013416694764875003, 0.01362791541622635, 0.013703954425281913, 0.013670158772985852, 0.013771544440689423, 0.01387292978609684, 0.01395741843339276, 0.013957418111096609, 0.014067253094744384, 0.014033457442448324, 0.014008110783800317, 0.01388137845744874, 0.013957418111096609, 0.013999661790152263, 0.013974315776096561, 0.014067252450152078, 0.014134843754744199, 0.014016560099744522, 0.014084150437448185, 0.014168638117855648, 0.014143291459207641, 0.01422777978420741, 0.014193984454207503, 0.014286921772855324, 0.014295370121911073, 0.014295370766503378], "Recall@80": [0.17382106284669785, 0.34908579071859686, 0.410170070059036, 0.41553319149139806, 0.4235414515962952, 0.4268227977178998, 0.42659576715106456, 0.4272335835025294, 0.4361569893525315, 0.4311099656734486, 0.4397190270612432, 0.4354054359778958, 0.44034704560966015, 0.4416378391236218, 0.43973550799731753, 0.44223420561145554, 0.4425911963006136, 0.44165435100012673, 0.4475690268632245, 0.44080179774628253, 0.4426427121176918, 0.44708274642774165, 0.44697625977882627, 0.4505246218171785, 0.447328578462952, 0.4491606438711875, 0.44851944469930194, 0.45028565855757857, 0.45134188235309647, 0.4569812708909788, 0.45259204076810156, 0.45220768842474757, 0.45721594374419144, 0.4583189804113246, 0.4584128536780004, 0.4593500186962709], "NDCG@80": [0.043997207337353995, 0.10089503498083839, 0.12532884521071835, 0.12919605870068013, 0.13455057095820616, 0.13847930175946266, 0.14267700288133792, 0.14559315652128568, 0.1463199936485484, 0.14650800575393, 0.15321050748989445, 0.15360117168110662, 0.15723097924647922, 0.15729288846989586, 0.15918847973905087, 0.15998066563427388, 0.15978592140685066, 0.15934332628111536, 0.16213738898160934, 0.16032871196059692, 0.16072560033511374, 0.16123084467623272, 0.16177195155487628, 0.1608367435188461, 0.1616202789853255, 0.16119626874495052, 0.16261606064951473, 0.16287464272053348, 0.1623374214443092, 0.16480500329866246, 0.1628855775844088, 0.1639469039726193, 0.16466775412654586, 0.16536452231192839, 0.16454060442667628, 0.1648445425906992], "Precision@80": [0.0035569451071999288, 0.0075532274094736625, 0.008786752603472225, 0.008816323597796183, 0.00897262595158326, 0.009074011619286828, 0.009090909284286783, 0.009065562625638776, 0.009217641449490284, 0.009171172951314449, 0.009302129129897746, 0.009242987785842137, 0.009352822124897608, 0.009365495131925458, 0.00935282196374953, 0.009373944125573512, 0.009399290461925365, 0.00934014895672168, 0.009475329470980929, 0.009416187965777244, 0.009420412301453194, 0.009407739294425344, 0.009386617454897515, 0.009479553967804956, 0.009416187965777244, 0.009462656625101155, 0.009471105135304978, 0.009509124800980836, 0.009521797969156764, 0.00962318379800841, 0.00954714462780477, 0.009597837139360403, 0.00966120330253619, 0.009669652135036169, 0.009661203463684268, 0.009720344968887953]}