{"Recall@20": [0.011896506568403471, 0.04821674154375778, 0.05962686699925662, 0.06446223160071082, 0.0693502406315733, 0.07262843605817053, 0.07345297427495252, 0.07403834641102106, 0.07536415488696503, 0.07324351699843937, 0.07243981121347985, 0.07233541658530679, 0.0712141259463235, 0.0730454098705701, 0.07144123333196113], "NDCG@20": [0.00501267384849203, 0.02063742472850647, 0.025603970943548594, 0.028128241609262444, 0.03037937028472182, 0.03192969495075445, 0.031904965275318074, 0.032468512723522386, 0.03266045980761527, 0.03194384277671772, 0.0313667567164926, 0.031270086952016614, 0.030699368138492035, 0.0313457781608926, 0.030793683677251774], "Precision@20": [0.0009209247404785718, 0.003486550801114798, 0.004237334008632552, 0.00458031776232893, 0.004920600698668253, 0.005144755444246453, 0.005174462600095337, 0.005206870652177466, 0.005166360643817369, 0.0050259264200310915, 0.004963811303854014, 0.004963811211295219, 0.004888192832508574, 0.0050394298275152965, 0.004944906577965321], "Recall@40": [0.022068843530426405, 0.07840845007173725, 0.09456212582154988, 0.10184577452231139, 0.10496214289406122, 0.11042129366292518, 0.11411164228532669, 0.11625612028038912, 0.11684666277974139, 0.11582647722612463, 0.11590818698454898, 0.1158310864545285, 0.11572495240352318, 0.11660033826940297, 0.11481347176250067], "NDCG@40": [0.007274892864081004, 0.027290488572052157, 0.033256435492157975, 0.03637214393096492, 0.038227065175890834, 0.040207966107766856, 0.040793648571745035, 0.04164828115242584, 0.04173176071228393, 0.04123614163278722, 0.040813459785476264, 0.0407496255997436, 0.04035409798539199, 0.04081104905865189, 0.04020019140075604], "Precision@40": [0.0008615102136822129, 0.002861348215313108, 0.00341903428041331, 0.0036796478960456633, 0.003809279608580983, 0.003972669394739737, 0.0040604407481862875, 0.004102301044496048, 0.004087447461742452, 0.004036134971911183, 0.004003727028485031, 0.004014529684610625, 0.003996975329572083, 0.004080695716147676, 0.004001026404294157], "Recall@80": [0.04028973677792713, 0.12485510259593062, 0.1464824811472444, 0.15652569841589078, 0.16215957482123564, 0.16918023410157146, 0.17088459376911758, 0.17780476805328538, 0.17851834762324342, 0.17917914718688918, 0.17606973498689443, 0.17606176886507538, 0.17708542476504466, 0.17849982731334846, 0.17467909378483626], "NDCG@80": [0.010621058573227819, 0.03584736709887309, 0.04281878319417116, 0.04644925989419064, 0.048708017217272026, 0.05101823379221547, 0.05129728965526448, 0.05302213182765618, 0.053078368929120906, 0.05291430101778925, 0.051894659999638486, 0.051842168905545195, 0.051621002551867225, 0.05218450288040097, 0.05113976318789595], "Precision@80": [0.0007690126455630521, 0.002288808551362128, 0.0026804040539943337, 0.0028633737349672453, 0.002945068653399684, 0.0030753754479356855, 0.003105757871707701, 0.003209733277755666, 0.0031874528311879534, 0.0031894782687464634, 0.003117235662149819, 0.0031172356476623555, 0.003125337603940322, 0.0031732743674585573, 0.0030787512877338504]}