{"Recall@20": [0.05045355345277055, 0.13486819768443467, 0.17954518433235997, 0.1983066209468861, 0.188774227491703, 0.191302437119969, 0.19713062932258443, 0.197451272740804, 0.19753469845538768, 0.21058863633063324, 0.20700232069731644, 0.22382669039536424, 0.21480189275403166, 0.22544309584503844, 0.23203034447672882, 0.23216095950483429, 0.23693306198713143, 0.2347035151794578, 0.23438111589179728, 0.24131704770700882, 0.2439451588291943, 0.24600761184099357, 0.24560917128820442, 0.24787747098530172, 0.24660653607109664, 0.24868534625724747, 0.24388266947270246, 0.24677578022690308, 0.24673460367040967, 0.2509095094299832, 0.2493259833446424], "NDCG@20": [0.018665399451479794, 0.05806945924542973, 0.07806692223324893, 0.08790792327911799, 0.08385706286286937, 0.08665313024543435, 0.08989163547321202, 0.09144455115913579, 0.09107560715025927, 0.10170304174961452, 0.09839114710945421, 0.10666591777073124, 0.10377711547150247, 0.10570354403656615, 0.11350662525379404, 0.11592725758296325, 0.11755257903341104, 0.11664535403855954, 0.1147202688038611, 0.11651971784142394, 0.11763552001458077, 0.11907015301239333, 0.11858465382278509, 0.11983342765351734, 0.1203469949704886, 0.11969621457856988, 0.11844364538834118, 0.11994072133199957, 0.11983429656394554, 0.12056906733330781, 0.11996437013451414], "Precision@20": [0.004190604885754935, 0.011879013695802266, 0.015545793142057666, 0.01671172687031603, 0.016424467532205275, 0.01642446785450143, 0.016542751831797257, 0.016593444182204813, 0.016965190556130726, 0.017826968892759146, 0.017489016881944684, 0.018756336922498923, 0.01823251091898112, 0.01875633660020277, 0.01929706059101668, 0.019229469608720712, 0.019499831281831515, 0.019144981606017096, 0.019499830959535364, 0.019702602939534807, 0.019837783292645978, 0.0197026022949425, 0.01975329593453467, 0.019854681279942086, 0.019905373952645796, 0.020023656963053166, 0.019601216627238932, 0.01990537363034964, 0.0199222719399419, 0.020141940618052842, 0.01990537330805349], "Recall@40": [0.09994260086002846, 0.21352075781117988, 0.2893515609736054, 0.29325933221144707, 0.30242079373508257, 0.2956933952658996, 0.3054368720742729, 0.3055221593714357, 0.29762709998891096, 0.30845001107254877, 0.3062479548375322, 0.316840741311267, 0.3131635020656657, 0.3214520360618558, 0.32550720235470704, 0.3307628779848027, 0.3303193933216854, 0.33721925375146533, 0.3372543917672382, 0.3353432065210217, 0.33302435016019716, 0.340117449049774, 0.33749644391316747, 0.33896558838303165, 0.3428299244129404, 0.337447640540512, 0.33729593960889975, 0.33989725631811846, 0.3405290238153858, 0.3431650608445632, 0.3406243873794726], "NDCG@40": [0.029617778188918805, 0.07609449040450611, 0.10333126644380755, 0.10977295839774444, 0.10959245192517135, 0.11054628610046943, 0.11492274298221528, 0.11611179662500132, 0.11421057161909376, 0.12427786839656953, 0.12132710272817042, 0.12814747719153957, 0.1265873936391755, 0.12790975670590518, 0.1351463469994878, 0.13866247426581246, 0.13931590522129256, 0.14026557275192605, 0.13842253638264618, 0.13842031640674504, 0.13841711407216992, 0.1409815704149747, 0.14001325611811952, 0.14109841179469018, 0.14258986947181138, 0.1404722238884217, 0.14027776585998225, 0.14159344321531636, 0.14172405566505258, 0.14204347177952195, 0.14120099221423255], "Precision@40": [0.0039455897907181015, 0.009327476110841906, 0.01257181538243115, 0.012546469368375448, 0.012985806080005022, 0.01274079138783838, 0.013053396417708685, 0.01299425539594923, 0.012935113729597467, 0.013213923429467865, 0.013171680072708362, 0.01356877407217074, 0.013458939088522965, 0.013627915738522503, 0.013805340092985483, 0.013974315776096561, 0.014025008771096423, 0.014067252450152078, 0.01431226810920718, 0.014117945767448093, 0.01400811110609647, 0.01413484278785574, 0.01405880410109633, 0.014109496773800039, 0.014295370121911073, 0.014092599431096238, 0.014050355107448278, 0.014160189446503747, 0.014202433447855555, 0.014253126442855417, 0.014067252450152078], "Recall@80": [0.18040347703609486, 0.3197384054655157, 0.41148018071521736, 0.4181806094423264, 0.42166984431765375, 0.4276203285725224, 0.4256713392767563, 0.4315655119477917, 0.41980333189659724, 0.4303813494714219, 0.43017468802144937, 0.4332956492638983, 0.4219926252039593, 0.4328631432969331, 0.4389263022868526, 0.4427521587344753, 0.44163528138135244, 0.4495707489663421, 0.4467411950134917, 0.4441447153249356, 0.4458415607376331, 0.4482014802067052, 0.4473327244806628, 0.4524232091513708, 0.4541663311348851, 0.4518922713609433, 0.4503883704739513, 0.45650773791293514, 0.4556077220384315, 0.45723952035236776, 0.45233482265440184], "NDCG@80": [0.044952061902272133, 0.0964000582010128, 0.12671951185653804, 0.13369430743104987, 0.13234144741314896, 0.1356577587997885, 0.13799591167587894, 0.14021701948108525, 0.13747386152416358, 0.14772219076153392, 0.1451497260039221, 0.15042852702758006, 0.1475205029857928, 0.14945575988707652, 0.157107970407582, 0.16048872813295376, 0.16090059941102622, 0.1621297054413244, 0.15960713212818017, 0.15964899195251775, 0.16035125722108398, 0.16205407671527147, 0.16137190725643033, 0.16312850895424313, 0.1642478460716049, 0.16266576387302906, 0.1621427133140551, 0.16405968442080834, 0.16393908635713475, 0.16413047096946023, 0.1629346619993096], "Precision@80": [0.0037047989507831805, 0.006966035887372377, 0.008909260110703624, 0.008926157453407425, 0.009010645778407194, 0.009112031446110763, 0.00907823595496278, 0.009162724279962548, 0.009044440786110948, 0.009242987624694061, 0.009255660792869987, 0.009251436457194038, 0.009069787283610879, 0.009281007451517996, 0.009399290461925365, 0.009517573633480813, 0.009504900465304887, 0.009559817634832622, 0.00961895946233246, 0.009513349458952939, 0.009509124962128912, 0.00953869547300864, 0.009542920130980743, 0.009627407972536283, 0.009686549638888046, 0.009627408455980513, 0.00954714462780477, 0.009673876309564042, 0.009703447465036076, 0.009703447142739923, 0.009614734804360356]}