{"Recall@20": [0.044285929899998876, 0.12572056653331204, 0.1789029486560467, 0.19846647468198186, 0.19196089331706498, 0.19417945369347886, 0.19575723001545206, 0.19912320079332915, 0.20250125123101662, 0.20833226416956213, 0.1990417965202164, 0.22011298269547092, 0.22311833501869296, 0.22690970319958706, 0.23369663105739374, 0.23275238068049806, 0.23830189758073886, 0.23712214411574065, 0.23133445293688218, 0.2405558460747402, 0.24146832062933002, 0.24356268353863478, 0.24375942342383672, 0.24636526774941123, 0.24714389915762822, 0.2447590674851222, 0.24562500247523444, 0.24783053950870226, 0.24933670936061064, 0.24678234475494518, 0.2502675367473307, 0.24930961585681397, 0.24765405013537883, 0.2465318407147025], "NDCG@20": [0.01595533679731394, 0.05245779462261915, 0.07598124069311846, 0.08805246021184376, 0.08378477570332962, 0.08815737792308688, 0.08834820431847555, 0.09296797030114692, 0.093124557242437, 0.09995536120931374, 0.09853625257259367, 0.10660905441588427, 0.10692019912188583, 0.10804222032160886, 0.11296712985591495, 0.11428059239208638, 0.11796600764649427, 0.11664693457889332, 0.11328705906585972, 0.11595490285777368, 0.11851989550137688, 0.11779506950210825, 0.11976854557038642, 0.119917407717484, 0.12143196758284444, 0.11862690555924457, 0.11956762872704303, 0.12049107166430804, 0.12140779537137758, 0.12093531694634616, 0.12043273090389622, 0.12237542640038865, 0.12038610883160353, 0.12003520567218127], "Precision@20": [0.0036160866929776524, 0.010865157179914644, 0.015562690484761466, 0.0165596482076126, 0.016407570189501473, 0.01647516084950129, 0.016390672846797672, 0.016576546194908708, 0.01701588387342674, 0.01738763121424111, 0.01689760086301937, 0.01838458958168455, 0.018401486924388352, 0.018756337244795078, 0.019128083941017143, 0.019128084263313295, 0.01936465060642419, 0.01926326493872062, 0.01907739062372113, 0.019466035951831606, 0.01961811493683119, 0.019533626611831424, 0.019567422264127485, 0.019803988284942224, 0.01975329496764621, 0.019651909299942642, 0.019618114292238885, 0.01980398860723838, 0.020006759942645516, 0.019820885949942177, 0.01992227161764575, 0.0199222719399419, 0.019854681279942086, 0.019854681279942086], "Recall@40": [0.08813681027179394, 0.20366611719212044, 0.286182719414683, 0.3025975357885899, 0.2934973724148651, 0.29527041379484464, 0.30276772878427044, 0.3006832771262594, 0.2991579396775463, 0.3021091204633903, 0.30326110489185537, 0.3191055498964362, 0.318472570565634, 0.3179193711353339, 0.3241254903851993, 0.3275825265856682, 0.3307380792296146, 0.33272918360827136, 0.3311394642800566, 0.3380661397497571, 0.3373726615635033, 0.3361821872392753, 0.33628169166433447, 0.33614879735783576, 0.33986828576152733, 0.3350256597242391, 0.3356597013431612, 0.33486417645979427, 0.33570852534277046, 0.341358882263328, 0.3369063841164535, 0.3418860556346897, 0.3394447628329355, 0.34132657014022366], "NDCG@40": [0.025632031909031173, 0.07029363793994817, 0.10071420621211241, 0.11187180766949746, 0.10699183653238134, 0.11136214400353002, 0.11306054417286905, 0.11644629877779523, 0.11552926824478815, 0.12176390683663056, 0.12248754420768736, 0.12927802763665275, 0.12892553878015825, 0.12901170530122613, 0.13387156000166336, 0.13615785929430735, 0.1394634472433479, 0.13879936762297626, 0.1363434322624039, 0.13847558117267367, 0.1405367939888766, 0.13928381483794144, 0.14126938861461458, 0.1408486657949991, 0.14286099273073147, 0.13965909132162999, 0.14059642909063846, 0.14086330319707882, 0.14151805169923196, 0.14278650622224437, 0.1407550709921994, 0.1438909171601734, 0.14181199094740754, 0.14201343377807246], "Precision@40": [0.003447110606996382, 0.008795201435972204, 0.01241973704202387, 0.012774586073245983, 0.012614058416894499, 0.012639405397838659, 0.012943562078653215, 0.012816830396893944, 0.012859074075949599, 0.012960459743653169, 0.012960460065949322, 0.01342514408081921, 0.013475836753522919, 0.013425143436226904, 0.013611017428930243, 0.013763095769337522, 0.013889827773392946, 0.013864481114744939, 0.013965867749336967, 0.01403345712015217, 0.01397431545380041, 0.013932072097040907, 0.013991213441096516, 0.013999662112448416, 0.014008111428392622, 0.0139151741097448, 0.013923622781096701, 0.0139151741097448, 0.013932071774744753, 0.014126393794207687, 0.013974315776096561, 0.014075701443800132, 0.014041906113800224, 0.014092599108800086], "Recall@80": [0.15749073189712529, 0.32480594780687627, 0.4028134566781166, 0.4209614734707672, 0.4130607829298591, 0.42205954935551493, 0.4288165784438102, 0.42471596065829353, 0.4177853970078046, 0.42709210322651764, 0.42768994454154696, 0.43405886718089937, 0.43077295218903133, 0.4308416193181818, 0.4335951320059036, 0.4382072260509515, 0.4395584874799341, 0.43856957974809374, 0.4417223168128485, 0.4407724249640926, 0.44227859481600096, 0.4428418447295328, 0.44095590171801075, 0.44562902060583176, 0.44627434516847436, 0.44668043832111776, 0.4447217852975034, 0.44703151938801644, 0.4503340700181121, 0.44927982641015757, 0.4497003996843581, 0.45604545693818116, 0.45109243028749685, 0.4557707884215793], "NDCG@80": [0.03868549794270888, 0.09321285091811396, 0.12295530163867122, 0.13442338258279823, 0.13010062024012414, 0.13549100534865163, 0.13681614789740384, 0.14007087235677965, 0.13835045033590582, 0.1455704101479992, 0.14641161857726165, 0.15128255253025066, 0.15037118151768836, 0.15079576415603085, 0.15520040261338555, 0.15773083995266032, 0.16051614908964176, 0.1594776515825329, 0.15790305181144257, 0.15863641479120902, 0.1609787317335948, 0.1599977318601618, 0.16159037763744483, 0.16210339060503312, 0.1636124920627482, 0.16138137760658688, 0.1616980426010952, 0.16250037695758043, 0.1636672205278784, 0.16373275493842276, 0.16248756246254145, 0.16609457724398155, 0.16345059625922767, 0.16422403998856772], "Precision@80": [0.0031640756851356146, 0.006936465376492649, 0.008660020599416802, 0.008875464780703717, 0.008900811278203646, 0.008959952783407332, 0.009031767779083098, 0.008985299442055339, 0.00897262595158326, 0.009082460935231036, 0.009162724118814471, 0.009175397125842323, 0.009137377782462618, 0.009209192616990306, 0.009268333961045915, 0.00939506596510134, 0.009365495293073536, 0.009319026956045777, 0.009471105135304978, 0.009403514797601317, 0.009357046460573558, 0.009390841790573465, 0.009357046460573558, 0.009471104813008826, 0.009428861456249323, 0.009488003122601086, 0.009403514797601317, 0.009433085791925274, 0.00954714462780477, 0.009513349297804863, 0.009504900465304887, 0.009627407811388208, 0.009547144466656695, 0.009656978805712164]}