{"Recall@20": [0.011000831969113745, 0.04480052721916348, 0.056506335432694024, 0.06215679314580272, 0.06758781808156927, 0.07090602300202369, 0.07309018352498654, 0.07467546654375992, 0.07581027872531244, 0.075478857892809, 0.07454801324352121, 0.07352916065245735, 0.07421819626982376, 0.07484480304981754, 0.07330644446211551, 0.07410220990650235, 0.07222533929138085], "NDCG@20": [0.00468124979333279, 0.018824402664242675, 0.024541850808347497, 0.027615115428004367, 0.029551595317450743, 0.031141569145145355, 0.03230979305577224, 0.032801325060809496, 0.03298395894008256, 0.03279173451442498, 0.032159042961076925, 0.03171650546537409, 0.031970928789820593, 0.032435268913809705, 0.03139827127035305, 0.032116148028065165, 0.03120611773024525], "Precision@20": [0.0008777142024985449, 0.0031867776614576304, 0.004069893126020527, 0.004447985380530628, 0.0048233769762409135, 0.005025926336325746, 0.0051204494933169255, 0.005220373843959435, 0.005187966028505877, 0.005158258718124049, 0.005063735706007505, 0.0050421303108558295, 0.005079939629026606, 0.0051906666567210465, 0.005034028241092731, 0.005144755392735471, 0.004996219252914181], "Recall@40": [0.01917315945970944, 0.07310224560690941, 0.0913253695374755, 0.09956758323905147, 0.10591163784120644, 0.11129859710236766, 0.11444750601727388, 0.11716847140549248, 0.11945515927066166, 0.1190417774606758, 0.11868230691542826, 0.11988262570263616, 0.11791105042192093, 0.1200237946130679, 0.11691878366588812, 0.11726292796844255, 0.115109120999761], "NDCG@40": [0.006457687232333898, 0.02506251710916655, 0.03218571707305298, 0.03583446872328352, 0.037942480961112565, 0.03998220053169322, 0.04139428186638123, 0.04211156661481879, 0.04252056285064473, 0.042293865312133506, 0.04174244146284203, 0.041766745155336946, 0.04142553728780904, 0.04222561373777081, 0.0408717423622714, 0.04151336754245352, 0.0405330795879638], "Precision@40": [0.0007467322028184202, 0.0026669008115062422, 0.0033258615160034763, 0.0035999783797579345, 0.0038268338090865803, 0.004010478794201283, 0.004094199108339558, 0.004169817508052541, 0.004181970420738295, 0.00413875989925788, 0.004076644804007139, 0.0041266069020619205, 0.004056389965628063, 0.004179269855302135, 0.004041536207415185, 0.0041144539990344755, 0.004007777950283877], "Recall@80": [0.03443089646191786, 0.11739709596983156, 0.14281147139574907, 0.15421709386424395, 0.16125317527496547, 0.16872738849219152, 0.17243520634290505, 0.1788085052747377, 0.1809399176122973, 0.18130488569282927, 0.18126977652881165, 0.1813721853056157, 0.1789946048708138, 0.1809107097008837, 0.17751921347463262, 0.17858303418694685, 0.17500775337116217], "NDCG@80": [0.009285109442589002, 0.03318885705042725, 0.04157183541712782, 0.045907776376605355, 0.04811746540730981, 0.05056953074750007, 0.05207646813855723, 0.053422137729496014, 0.053828677902394755, 0.053765340926413586, 0.05320358170769675, 0.053034590402483435, 0.052643070754601035, 0.05337496283915358, 0.05200159829160211, 0.05275153351407001, 0.05150121430463689], "Precision@80": [0.0006670627672178153, 0.0021490493934793503, 0.002589931954018328, 0.0028248893195034633, 0.0029403425417490366, 0.0030760506088125584, 0.003123987345770444, 0.0032056822537397146, 0.003218510336960651, 0.003217835157572019, 0.003170573656342902, 0.0031847521466326478, 0.003134789904508089, 0.003194204431908092, 0.003124662541256258, 0.0031658474980104274, 0.0030834774307740022]}