{"Recall@20": [0.007396173513230539, 0.03878015283633221, 0.044348823157528174, 0.04777997294963018, 0.050430356883147606, 0.052108364627030855, 0.054015560774459584, 0.05430970126794175, 0.05279980929711474, 0.051618899023660354, 0.05319542847223643, 0.05313078095385718, 0.053834724673522245, 0.05453754669004838, 0.05620976899089238, 0.05594825268152325, 0.05719585167327581, 0.05854515423073655, 0.059687859736213135, 0.060163119808443036], "NDCG@20": [0.0028753326999532026, 0.015638428549149954, 0.018132103169416394, 0.020308963781403996, 0.02158232600356431, 0.02244617158732765, 0.02320725441082026, 0.023056528294486955, 0.022600915425022336, 0.022210991529405175, 0.022350630628067202, 0.022502967280317514, 0.022794423742583805, 0.023113134111559158, 0.023678271967764355, 0.023866531927976827, 0.024179558176014068, 0.024415395990540455, 0.024924228164847576, 0.025341418014304663], "Precision@20": [0.0005428324678591419, 0.002792481442880615, 0.0031678729355689374, 0.0033704224461624196, 0.003545965246419174, 0.0036620936231027477, 0.0037782219788599853, 0.003783623235290324, 0.0036674949672627273, 0.0035945772416418826, 0.003670195594673037, 0.0036485903339328295, 0.0037350114058685878, 0.003821432481023783, 0.003924057455857165, 0.004002376672927203, 0.004096899747822755, 0.0041239063116751285, 0.004248136597149983, 0.004323755090226619], "Recall@40": [0.01426425139332508, 0.06781281448278544, 0.07377454607896494, 0.07807541156260694, 0.08172616498109987, 0.08546075978546455, 0.08685347435604976, 0.08705450131953169, 0.0852402534033627, 0.08342790897250292, 0.08499562911599942, 0.08578306925249136, 0.08591364598549815, 0.08846275538827451, 0.09074806633914562, 0.09117853083903632, 0.09266110508104786, 0.0934959761174616, 0.09521581076566069, 0.09826008686561416], "NDCG@40": [0.00438631715431473, 0.02193136373348675, 0.024507671076290496, 0.026881267690395862, 0.028370855873728514, 0.029722196637032367, 0.03034270047961191, 0.03015987739406395, 0.029628029263172807, 0.029152021380265125, 0.029257571837602532, 0.029605942732110528, 0.029774912492855715, 0.030502989365032814, 0.031172215417019426, 0.03146080999352755, 0.031847240935910064, 0.032021485459821274, 0.03264521815883195, 0.03358488277597253], "Precision@40": [0.0005212271813634431, 0.002422491134185313, 0.002610186952564363, 0.0027627741896437815, 0.0028680998989337333, 0.002995030870573611, 0.003039591733124391, 0.003026088432686445, 0.0029572216497907836, 0.002914011101750018, 0.0029396673969693454, 0.002988279207074463, 0.0029963811223046163, 0.0031233122114539213, 0.0031921788864984644, 0.0032232365057562936, 0.003292103314407446, 0.003319109857333483, 0.0033893269909578173, 0.0035162579456956542], "Recall@80": [0.029568893162287554, 0.10967580172623338, 0.11849525792044724, 0.12384075555454208, 0.1282506398587012, 0.13335202313839675, 0.1358278330580081, 0.13909215073071945, 0.1387469974825652, 0.13601912758810622, 0.13836064436039838, 0.13905766788872914, 0.14004120786027516, 0.14313695193032436, 0.14400354724112194, 0.14711948691272603, 0.1510668270168364, 0.14946305603706464, 0.15189303241229873, 0.1529330395977428], "NDCG@80": [0.007122212817090189, 0.02960448136555784, 0.03262411392931419, 0.035246373459163954, 0.03685503907681181, 0.038466881157783475, 0.03927407066907303, 0.0396565502297998, 0.03939670050673471, 0.0387160900384236, 0.038946992521398306, 0.039282232558378274, 0.039638596012716715, 0.04046129385801993, 0.040890200421144884, 0.04166994959460462, 0.0424997922963891, 0.042232410817858695, 0.04300755960992568, 0.04360487678208876], "Precision@80": [0.0005138003686578791, 0.001966079757578548, 0.0020869342595953733, 0.0021922599374958208, 0.0022604516013672816, 0.0023630766220776324, 0.0023948093643839574, 0.00244004542322541, 0.0024265421590061237, 0.002377255065685551, 0.0024029113673437515, 0.0024312682658276163, 0.0024542238772964973, 0.002527816854743292, 0.0025386194746502277, 0.002608161391057553, 0.002673652392104904, 0.002651371960829514, 0.0027155126530008645, 0.002750621177960359]}