{"Recall@20": [0.012277460257950646, 0.04750186183661998, 0.05877215076474143, 0.06475897052703491, 0.06890608381733107, 0.07060684072954602, 0.07143933043902824, 0.07233355201654433, 0.07066900884408447, 0.071028907419835, 0.06968140568629679, 0.06999082227653132, 0.0681923072822565, 0.07179754264825773, 0.07224051360243325, 0.0721199762567506, 0.06899480911391696], "NDCG@20": [0.005055042616141671, 0.020158457398041157, 0.025308980621889264, 0.02833777507051763, 0.03009929447847836, 0.030954669886149457, 0.0308157340604826, 0.030939370223122924, 0.030268248380280034, 0.029986043992175956, 0.029631959229137878, 0.029645222572911002, 0.029018306933070562, 0.030209015953858883, 0.030621676526394675, 0.030382274306463064, 0.029328322840700194], "Precision@20": [0.0009749378798537756, 0.0033218105636199837, 0.004099600365574756, 0.004572215723955337, 0.004828778233476111, 0.0048989955312917, 0.0049206006793516355, 0.004920600627840653, 0.00480447231313123, 0.004853084214990283, 0.004807173001710831, 0.0048260775939929145, 0.004693745459286353, 0.004988117245125232, 0.005050232184635739, 0.005028627078026047, 0.0047882683993680075], "Recall@40": [0.023572637824398196, 0.07724600172047998, 0.09160087653855803, 0.10394203769757601, 0.10847420227299683, 0.11031265558582977, 0.11112539052473902, 0.11271614607021517, 0.11228457387817257, 0.11309041154813441, 0.11280329592917926, 0.11446342082444465, 0.11164161053282841, 0.11502683300481086, 0.11629478777151611, 0.11438033144739569, 0.11239390480372823], "NDCG@40": [0.00749759928665293, 0.02664810328294536, 0.03251420289995965, 0.036899424802024586, 0.03873520217086579, 0.039650682523722676, 0.03951764131218204, 0.03971709393265052, 0.03934989073910877, 0.039102402029071476, 0.03902075565491019, 0.03928190448493541, 0.03841527047651278, 0.03958791336617125, 0.04016288799769268, 0.03953689886012576, 0.038737688180990014], "Precision@40": [0.0008804148431890299, 0.002727665576149787, 0.0032556444644747692, 0.003724208677305675, 0.003852490043941476, 0.003911904587438661, 0.003911904540756834, 0.0038943502629847637, 0.003878146298917849, 0.00391460516333799, 0.003924057547611102, 0.003964567436852053, 0.0038443881343453367, 0.004001026323003389, 0.004053689249683253, 0.003980771458063963, 0.003910554314781319], "Recall@80": [0.0429537245556849, 0.12412412168913453, 0.14423401443054523, 0.15955943892323277, 0.16548784579882497, 0.1702303818934188, 0.17206810349275578, 0.17421922954663585, 0.1738702478992948, 0.1733425858856033, 0.17365834130135419, 0.17430644268684103, 0.17093182563060585, 0.17597572337580483, 0.17620614894435488, 0.17253838902069912, 0.1685907817291263], "NDCG@80": [0.011027625393401318, 0.03522984739692806, 0.04214114389216602, 0.047077407689592655, 0.04916083557734263, 0.050633208803447, 0.05071311588355348, 0.050989375344179896, 0.05061329481242941, 0.050148393997842655, 0.0501972205878154, 0.05027323150603859, 0.04927578429056963, 0.05080855374358392, 0.05119252851357841, 0.050247342125236495, 0.049047330652545795], "Precision@80": [0.0007872421001079621, 0.0022145403945267013, 0.0025811548787161615, 0.002867424708277074, 0.0029700497024270746, 0.003042292360534701, 0.0030652479414189364, 0.003062547344593272, 0.003055120562874783, 0.003055795660972647, 0.00307199963550273, 0.003084152589236298, 0.0029970562662794483, 0.003130738946490583, 0.0031462677665826657, 0.003065247972003582, 0.0029774765863626682]}