{"Recall@20": [0.043437694125418806, 0.12800683230715612, 0.1747991156441088, 0.19439348670106033, 0.18757356603067443, 0.19314574679638655, 0.20366061495219828, 0.20538362565577212, 0.20676748798521197, 0.2120269383478503, 0.21199742633372232, 0.22441610044303398, 0.22617290841038462, 0.23466971791568098, 0.23999340576914446, 0.2357836249874588, 0.23811066509219753, 0.24164802265070548, 0.24098955356176338, 0.24406062851648308, 0.24526639257020424, 0.24532928930903336, 0.2455537827605531, 0.2467618260926675, 0.2468857476742697, 0.24275977936255122, 0.2470134130479839, 0.24736679917696805, 0.24653075779962877, 0.2496577627395367, 0.24838721458071508, 0.25398045546624176, 0.2501986117812579, 0.25125324214459593, 0.252218284490907, 0.253353767356344, 0.25584415230810664, 0.25389207928274965, 0.2572992291954894, 0.255075855003736], "NDCG@20": [0.015929158936887625, 0.05353456028573776, 0.07384486712487656, 0.08641647720465832, 0.08254375760722056, 0.08960273178012922, 0.0929384092980037, 0.09554593214194249, 0.09515244463643097, 0.1027188908614674, 0.1001421846864835, 0.11053376811789113, 0.10911488895603191, 0.1117130497413215, 0.116004871653318, 0.11696041786578025, 0.11768598127864671, 0.11632153149108783, 0.11683681858033093, 0.11692117250783494, 0.11683248692003606, 0.11635857750008581, 0.11782535760537238, 0.1191507115804009, 0.11946884366699714, 0.11754546531272442, 0.11791561857676659, 0.1181868449704556, 0.11751208574476174, 0.11927629621015202, 0.11817118911253274, 0.12152577896865892, 0.1196501494340294, 0.11961729585338823, 0.11967275915374705, 0.11968735788028842, 0.1202618391701562, 0.12080091171548268, 0.12204274715463549, 0.12080573068756073], "Precision@20": [0.0037005746151072307, 0.011422778352284278, 0.015410611822058036, 0.016458263184501335, 0.016306184521797905, 0.016644136854908523, 0.016846908190315663, 0.017015884195722895, 0.01726934788153759, 0.017505914546944636, 0.017708685560055625, 0.018671849242091462, 0.018688747229387567, 0.019094288611017234, 0.019499831926423822, 0.019195674923313113, 0.01926326493872062, 0.019364650284128038, 0.019533626934127576, 0.019533626934127576, 0.019685704629942548, 0.019449138286831653, 0.019533626934127576, 0.0196857049522387, 0.019736398269534716, 0.019499831604127667, 0.0196857049522387, 0.019837783614942133, 0.019719499959942457, 0.019989862277645563, 0.019685704629942548, 0.02015883763846049, 0.019972963968053304, 0.02007435028034918, 0.02020953063346035, 0.020209530955756505, 0.020361609296163784, 0.02036160897386763, 0.02056438030927477, 0.020462993996978894], "Recall@40": [0.08437830340664867, 0.22008776108773023, 0.2807239972082656, 0.30091568617129416, 0.29716938272768195, 0.29654564427217545, 0.30561455781091584, 0.3066879587021983, 0.29992020875467323, 0.3099852855562479, 0.3077395053359454, 0.3185437851235769, 0.3191874956270858, 0.3187544636727991, 0.32607205601389566, 0.3330816054271661, 0.32958541411167463, 0.3359977874291753, 0.3343115184870311, 0.3320170638125343, 0.3354852282545703, 0.33410096885627005, 0.33514915329655026, 0.33453466602981635, 0.33810610447271566, 0.33466892687200334, 0.3325811130205253, 0.33567057174780596, 0.33735133329328953, 0.3393180308288801, 0.3362389062054458, 0.3417799918383269, 0.3392926854594167, 0.3413354345736128, 0.3423267401888307, 0.3440634471897178, 0.3417818585776445, 0.34893277481868085, 0.3484042349116308, 0.349075461771489], "NDCG@40": [0.024910661569113826, 0.07450653339165536, 0.09825764688618806, 0.11079332481247624, 0.10743483388371547, 0.11332968466585655, 0.11661320435271628, 0.11896845181675608, 0.11673800000148514, 0.1253940650602175, 0.1222883600284619, 0.13206802682725108, 0.13045740208137516, 0.13146897110031763, 0.13596087962076767, 0.1394208139082434, 0.13906795118821155, 0.13823753581251716, 0.13850318519357654, 0.13756177617956472, 0.13787006405246705, 0.1371554380818451, 0.13879225905902806, 0.13971376821937573, 0.14074805009280478, 0.13901099501207254, 0.13790422486630433, 0.1387610221158898, 0.13865544305294097, 0.14015280003884467, 0.13883010436248522, 0.1419406541500111, 0.14054400053085528, 0.140663121188964, 0.14065296757096332, 0.14087616925950225, 0.14037620799692146, 0.14287532846361206, 0.14333810964199528, 0.14265074734753877], "Precision@40": [0.003371071436792743, 0.009631632630508386, 0.012267658057024287, 0.012783035066894037, 0.012732342071894175, 0.012732342394190327, 0.013053396740004839, 0.013019601087708778, 0.012808381080949737, 0.013129435104468096, 0.013146333736356508, 0.01339134842852315, 0.013416695087171157, 0.013518080754874727, 0.013611017428930243, 0.013923622781096701, 0.013771544440689423, 0.013872930108392993, 0.01399121408568882, 0.013779993434337475, 0.013940520446096654, 0.013796890777041276, 0.013898276767041, 0.013906725116096747, 0.01405880410109633, 0.013906725116096747, 0.013796890777041276, 0.013940520768392807, 0.0139320714524486, 0.014075701443800132, 0.0139151741097448, 0.014075702088392438, 0.014067252450152078, 0.01411794544515194, 0.014151740775151847, 0.014236228777855464, 0.014177087111503702, 0.014439000113262603, 0.014472795120966359, 0.014455897778262557], "Recall@80": [0.1605162083921339, 0.33339313431018186, 0.39833478808362727, 0.41297764599262843, 0.4169248301824149, 0.4212575837058286, 0.42621808762726004, 0.428631379339251, 0.41861108365434374, 0.42718970997182854, 0.43133553172656514, 0.43550470319298645, 0.4296772896578764, 0.43305665506386765, 0.4363527700843824, 0.4416839713057621, 0.4412523935517172, 0.441744057622138, 0.4437494925769369, 0.4416614466722288, 0.44398014317416146, 0.44506577069229997, 0.44114701044482935, 0.44513000302638667, 0.4486775709270182, 0.4487057267189348, 0.44534417268753695, 0.44883768765577475, 0.4493834974798813, 0.4519205509145826, 0.44771010491363744, 0.45516946115136026, 0.45543930296077645, 0.457358115023155, 0.460359295544974, 0.46004388879464664, 0.46179466337801517, 0.4634519669203067, 0.4644254560041927, 0.4624427932063725], "NDCG@80": [0.039202804539645995, 0.09608349891964267, 0.12072712136668586, 0.13227479656873098, 0.13039611940167972, 0.13715858369229733, 0.13950427829836543, 0.14234843355612645, 0.13958059802737016, 0.14800882548970037, 0.1458867760516776, 0.1545590049070698, 0.15171396784703448, 0.15348404152403816, 0.15744870705715747, 0.1605347778072789, 0.16077800568957393, 0.15889539393108815, 0.1599275899038157, 0.15899339774525942, 0.15887562299588517, 0.15861720336212745, 0.1592842145883058, 0.1610920072286747, 0.16207725367621822, 0.16105457446429325, 0.15961426131908216, 0.16057636948121726, 0.16031000073514462, 0.16186274624869967, 0.16042960096992886, 0.16401748940847177, 0.16299772375376895, 0.16330564291987237, 0.16355687406023597, 0.16347750154207105, 0.16368250767900236, 0.16524883088488643, 0.16586258589476094, 0.1648101471452626], "Precision@80": [0.003206319847635499, 0.007232173224807229, 0.008617776598064994, 0.008790976939148177, 0.008921933601175703, 0.008959952783407332, 0.009027543121110993, 0.00909513378111081, 0.00896417728023136, 0.009099357794490606, 0.009175397125842323, 0.009217641288342206, 0.009116255298342485, 0.009204968281314356, 0.009281007612666071, 0.009411963952397446, 0.009399290461925365, 0.009365495131925458, 0.00950912512327699, 0.009382392958073488, 0.009403514958749392, 0.00938661729374944, 0.009327475627397677, 0.009433085630777197, 0.009471105296453055, 0.009500675807332782, 0.00937816894469369, 0.009479553967804956, 0.00952602246598079, 0.009551368802332644, 0.00948377814233283, 0.009648530134360265, 0.009648529650916034, 0.009733017975915803, 0.009758364795711887, 0.009792159642267565, 0.009800608313619466, 0.009868198812471205, 0.009859749818823151, 0.009847076972943377]}