{"Recall@20": [0.010945912557195816, 0.04202078322915082, 0.052948489229841626, 0.062283858941803355, 0.06616791522926577, 0.0694060643702871, 0.07009478749628263, 0.07046871037466217, 0.07180548767632976, 0.07115035233750538, 0.07106447817376021, 0.0732493407785268, 0.07257436147786454, 0.07352518275552375, 0.07319898127324768, 0.07556946900643732, 0.07483476910977974], "NDCG@20": [0.0044924874690512135, 0.018255348943203666, 0.02262195553624554, 0.02676665373416162, 0.028824484205354144, 0.0300288527988262, 0.030394532014216925, 0.030382791644130682, 0.03055241983112254, 0.030533548898852462, 0.030323925802050133, 0.031136331991434896, 0.03096921760474192, 0.03168327280135009, 0.03144214932908504, 0.03254217150866296, 0.03210224587085168], "Precision@20": [0.0008534082483495815, 0.002981527550014188, 0.003767419317905236, 0.004353462323341975, 0.004628929469412084, 0.004790969222761506, 0.004815275154374415, 0.004809873691900149, 0.004888192801119069, 0.004863886882383906, 0.004826077718746074, 0.0049800151970933295, 0.004966511994043334, 0.005042130475851943, 0.004974613939053273, 0.0051744627031173, 0.005104245611345638], "Recall@40": [0.01988047570637265, 0.06851405639994591, 0.08406309995458594, 0.09611032683145952, 0.10325204438803662, 0.10657045078081846, 0.10814999836083815, 0.11194897061150469, 0.11285434879802841, 0.11334764845391593, 0.11438682026001319, 0.11501241247971011, 0.11499316055934115, 0.11638993841918999, 0.11450775022239887, 0.11726735768107496, 0.11668758453116942], "NDCG@40": [0.006478465609819879, 0.024046018428314168, 0.02944333869849192, 0.03419541403453242, 0.03694621281913847, 0.03822769694520444, 0.03874767157587697, 0.0394285107787026, 0.03950193316707012, 0.03971091759852615, 0.039764188002262564, 0.04024339744721992, 0.04019015031356952, 0.041053918238088974, 0.04047919518620249, 0.04161264803157945, 0.04117181031456954], "Precision@40": [0.0007791401180745047, 0.0024643513226439554, 0.0030301393907039512, 0.0034325375446325967, 0.0036823485500163235, 0.0037957762212182554, 0.00380387828534734, 0.003882197302812323, 0.003911904458661207, 0.0039200065437166275, 0.003941611857577535, 0.003978070638292331, 0.003982121693697787, 0.004073943959284875, 0.003979420972923822, 0.004083396430482769, 0.004037485127059097], "Recall@80": [0.034472036016570756, 0.10934892292605809, 0.1334406849219421, 0.14836244628459547, 0.15703854659238026, 0.16255045993108916, 0.167370957999607, 0.1695432708808641, 0.17004436749650656, 0.17213390913253807, 0.1735601409717604, 0.17484147025581517, 0.17536720771620595, 0.17900293780233403, 0.17708851022134142, 0.1773619876897424, 0.17578589005772646], "NDCG@80": [0.009158316973515924, 0.03151963876701784, 0.03848332010207146, 0.04379161631196908, 0.046813210413911066, 0.04846506227205031, 0.049609860758860244, 0.05003028308983381, 0.050050493912883826, 0.050498176447783975, 0.050582521701201616, 0.0512115978532725, 0.05126234685884022, 0.05254362092312255, 0.051987313961537156, 0.05272408153475831, 0.052069425479863776], "Precision@80": [0.0006616614518315485, 0.0019789078689695524, 0.002412363591449905, 0.002670276506429771, 0.0028235390162614765, 0.0029140110341418545, 0.0029815275548433426, 0.0030193367184811744, 0.0030125850807375173, 0.0030355407292299167, 0.0030429675149727014, 0.003076725737495068, 0.003084827734015989, 0.0031786757059845227, 0.0031361403212352076, 0.003173949500970221, 0.003121961743215821]}