{"Recall@20": [0.009117222856780526, 0.04427192331429265, 0.05610327892173659, 0.06419502407476585, 0.06834723252231235, 0.0715599132946633, 0.07442010874571547, 0.07604675121952291, 0.07658843150905853, 0.07687084685394956, 0.07654129208402705, 0.0757708995069504, 0.0754015921413145, 0.07500129412069709, 0.0737020546228154], "NDCG@20": [0.003709515813241912, 0.0191518344154906, 0.02451136248846014, 0.02782779243706601, 0.030364947956736717, 0.03166053922796811, 0.032567148514078284, 0.033062175307428915, 0.03331000156892972, 0.03340412718669969, 0.033193845296634945, 0.03309682724709463, 0.03283898390252479, 0.03264169760214995, 0.03224059436186558], "Precision@20": [0.0007264772849595094, 0.003154369722860632, 0.004094199211361523, 0.004583018277058967, 0.00491519940199496, 0.005071837498094217, 0.005252781720582283, 0.005328400253901874, 0.005360808222278658, 0.005355406782340447, 0.005352706071224791, 0.005304094240193338, 0.0052932916661633704, 0.005258183017255576, 0.005155557997350084], "Recall@40": [0.015972031145383255, 0.07299588699377908, 0.09026969059942813, 0.09957490148149738, 0.10709141376557586, 0.10985178095972202, 0.11418023873859004, 0.11470227907553107, 0.11711941335092317, 0.11672972412002232, 0.11714207241367003, 0.1158079173557957, 0.11586902928916401, 0.11482565488235294, 0.11244298351420122], "NDCG@40": [0.00523230993645977, 0.02544860269617182, 0.03196765457153114, 0.035604584651051555, 0.03885582873356887, 0.04005663014004268, 0.04126263079458325, 0.04151435973410654, 0.0421332697947159, 0.04210778146554008, 0.04203090535598941, 0.041829285243552464, 0.041646768957411893, 0.04134035441431691, 0.04077763476046731], "Precision@40": [0.000633304542482086, 0.0026439451944033476, 0.003289402650376047, 0.0036121313970753706, 0.0038592417323912555, 0.003944312479353832, 0.004084746637141664, 0.004072593774357174, 0.004152263234304766, 0.004148212204654801, 0.00415496392932324, 0.004114453947523493, 0.00410635199687954, 0.004082046081363814, 0.004029383262535068], "Recall@80": [0.028856943721736212, 0.11441735535187199, 0.14028435411728316, 0.15006320481940635, 0.15988048204428384, 0.1673036885722559, 0.17221938125307054, 0.17578188353356472, 0.17688092457059523, 0.17615998840826536, 0.17606355397814846, 0.17609996441258743, 0.17355540319770152, 0.16918876055985016, 0.16836953979596034], "NDCG@80": [0.007588732892266486, 0.0331143375811701, 0.04111611317697117, 0.044892661757199775, 0.04856875999527332, 0.05061443147950854, 0.05194163744838781, 0.052766753695651675, 0.05312105508812357, 0.05305242234537356, 0.05291970911713158, 0.052946979314188625, 0.05227427457107044, 0.05136891894635673, 0.0510180277740439], "Precision@80": [0.0005495841088222353, 0.0021038133515399386, 0.0025514475425788418, 0.0027404937213448737, 0.0029180620332071743, 0.0030389165167122407, 0.003115210177909482, 0.0031698985324895472, 0.0031800259883001734, 0.003178000524986173, 0.0031840769712683115, 0.0031719240626068524, 0.0031307389263691057, 0.0030517447238814772, 0.0030395916759793956]}