{"Recall@20": [0.013714126058617434, 0.052647376969654665, 0.0596180165884136, 0.063026613945501, 0.06553955833791103, 0.06685297314286477, 0.06572026022698538, 0.07125776576676482, 0.07260706268377305, 0.07326239847758297, 0.0720381553633831, 0.07150148634546401, 0.07141566987401841, 0.07132196686522059], "NDCG@20": [0.0055609417358304485, 0.022388296803658527, 0.0257900120489049, 0.027592399973610224, 0.028663690293390266, 0.02964675090373998, 0.029116494835640012, 0.031902335407899524, 0.03221065035852253, 0.03199855870737993, 0.031212549069484855, 0.030567604392860315, 0.030082109230208813, 0.030043794022686116], "Precision@20": [0.0010829642680650192, 0.0037674193227343906, 0.004275143238268829, 0.004553311048772766, 0.004750459389860692, 0.00482607768655171, 0.004823377038215063, 0.005125850862427537, 0.005158258729392076, 0.005093442924635398, 0.004934103901718249, 0.004877390217430792, 0.00485848554385794, 0.004898995437928045], "Recall@40": [0.02582292040622658, 0.08283715198142258, 0.09421600857112737, 0.10023578189162903, 0.10000538261943519, 0.10431248600570252, 0.10377392290322843, 0.11010608351667177, 0.1113158679618889, 0.11268200029033403, 0.11128516278076832, 0.11189988216545614, 0.11154668207777439, 0.11183009632362381], "NDCG@40": [0.008185369362902716, 0.02900180832618795, 0.033412006551147705, 0.03571241808797856, 0.036231531532302436, 0.03788260995305047, 0.03741987209746579, 0.040445495890633544, 0.04070326127333248, 0.040704089054809454, 0.039851287251687066, 0.03939610738353517, 0.038833410742216676, 0.03886871929236696], "Precision@40": [0.0009776385760795379, 0.003011234834640526, 0.0034433401460277732, 0.0036458895761353467, 0.0036796479113379863, 0.0038295345113487857, 0.0038052285330540496, 0.00400237650712623, 0.0039888733121248255, 0.004021281224161473, 0.003910554201296188, 0.0038930000104488998, 0.003856541010812432, 0.0038957006378592097], "Recall@80": [0.045321877244560126, 0.1322303294774921, 0.1441553521133131, 0.15099113641965334, 0.15587602723323463, 0.15865564882027686, 0.1587540447885794, 0.16696434746270716, 0.16552139546786965, 0.16843898077176975, 0.16822893629581995, 0.16882341315244848, 0.16884445770649387, 0.16860979736862192], "NDCG@80": [0.01178439621329372, 0.03807653123415275, 0.042607893397255105, 0.04508262586166087, 0.046484948775674786, 0.047871869288009045, 0.047522706553811606, 0.05089719165178925, 0.050730032321764686, 0.05103461706600991, 0.0503607551673196, 0.04992992478492542, 0.04939344916498737, 0.04931624097701501], "Precision@80": [0.0008567840475023624, 0.00241708987292582, 0.002649346486247486, 0.0027810035647088563, 0.002859322809144103, 0.0029275143184826187, 0.0029106352474643897, 0.003054445315877987, 0.003020687114281957, 0.003065923152197073, 0.0030206870482835115, 0.003011909963323035, 0.0029957060716934384, 0.003003808016703378]}