{"Recall@20": [0.011904729575488587, 0.04742974522588474, 0.05779167332710529, 0.06456916399466704, 0.0691217780177609, 0.07119649682792407, 0.07284753765853316, 0.07326021891916701, 0.07286289864538349, 0.07114896015020121, 0.07068576928128739, 0.07111364052518986, 0.06844015875838289, 0.07252807963341297, 0.07270490982832038, 0.07299953780885622, 0.06983636792411528], "NDCG@20": [0.004930898928675755, 0.0201408992875301, 0.024961953462168222, 0.02852221542060459, 0.030123410658121907, 0.031258614039825446, 0.03149181642374725, 0.0313858211690823, 0.031165587164174276, 0.030343091512352236, 0.030270485837039493, 0.030366978996114492, 0.029397647337302078, 0.03075177540490137, 0.03117558509803583, 0.030905384371962417, 0.02987942017475601], "Precision@20": [0.000939829372601181, 0.003316409239581482, 0.004045587205675646, 0.0045695150643506625, 0.004839580878333679, 0.004939505415703496, 0.005025926368520109, 0.004993518450044589, 0.004955709276748448, 0.004871988745298218, 0.004882791586541403, 0.004898995468512691, 0.004707248713042471, 0.005055633564611948, 0.00510154484912143, 0.0050664361901528975, 0.004844982299357701], "Recall@40": [0.02240246985712512, 0.07659322818592505, 0.09183599929051328, 0.10351837347145407, 0.10714610647766304, 0.1099078171812356, 0.11290101032992657, 0.11338619597596639, 0.11307298365738526, 0.11410193475750258, 0.11446046520157742, 0.1151404383116334, 0.11384232698151885, 0.11602508461577106, 0.11712092594514723, 0.11598960704521187, 0.1130735530597777], "NDCG@40": [0.007228788809783003, 0.026492433876613698, 0.0324103109288244, 0.03703826314959733, 0.03846608900902814, 0.03977101540944097, 0.040230148938609545, 0.040125829014237786, 0.039940035367637884, 0.03968777904580553, 0.0397961627359175, 0.03992217848055484, 0.03920302200976723, 0.04016246040503304, 0.04078187416577759, 0.04022302330860222, 0.03925935487014706], "Precision@40": [0.0008574592317201489, 0.0027033596815603965, 0.003258345154664088, 0.0037120557943997067, 0.0038308847413485955, 0.003920006492205646, 0.0039672681061150355, 0.00393215955540005, 0.0039173059774756085, 0.003957815845790223, 0.003978070731655985, 0.0039969752362084285, 0.0039024522707737123, 0.0040307335046077634, 0.0040766447275455255, 0.004034784534257728, 0.003936210420053902], "Recall@80": [0.04139478095628356, 0.12305114546643228, 0.14299001350662446, 0.15931740066744254, 0.16438764293160077, 0.1705195389956033, 0.17137745908440685, 0.17417636813439547, 0.17373219352310904, 0.1750949779468053, 0.17527644876605997, 0.17496027626588972, 0.17219700400690494, 0.17636081947548363, 0.1765003945073621, 0.17388688795533333, 0.16857143338019948], "NDCG@80": [0.010717998303539799, 0.03499479797085534, 0.04181123600158576, 0.04726444166912249, 0.048939941716758195, 0.050846811001252136, 0.05100696432264678, 0.05128759916469759, 0.05107369801003204, 0.05085393480261961, 0.05095913436714923, 0.05090825081489714, 0.04991051002546535, 0.05131791700899079, 0.0517554555248851, 0.05089419228322076, 0.04947180442525718], "Precision@80": [0.0007777898027596314, 0.0021922598859848387, 0.0025723776649782307, 0.0028728259743657216, 0.002955871258014297, 0.0030476936894023574, 0.00306794863643741, 0.0030733499645002075, 0.003063897647835259, 0.003090229093468291, 0.0031030572032495775, 0.003098331018356753, 0.0030254133031990768, 0.0031536945941781232, 0.0031611214322367484, 0.003100356548474058, 0.002985578516885144]}