{"Recall@20": [0.09012831945441872, 0.23240759083450385, 0.24617913011845483, 0.2413497723691888, 0.24357543099607395, 0.2339306541615622, 0.23709519500062046, 0.23128524218188948, 0.22485355172216911, 0.2269556961497893, 0.23153978394833558, 0.23026373870633027, 0.2202465525347061, 0.22290323714462235, 0.21726331230594162, 0.2166564827958004, 0.20962265545792497, 0.21569115682887482, 0.20941357034088268], "NDCG@20": [0.03623894075559337, 0.11219381762340529, 0.11733666123792745, 0.11434941164502102, 0.11406077610233742, 0.11117984814271607, 0.11363884660592552, 0.11222933723782316, 0.10850562288697485, 0.10993823960005492, 0.1115756432886823, 0.11040620587894585, 0.1080367619139635, 0.1066052796833416, 0.10501222136698288, 0.1056835436265023, 0.10294557334845757, 0.1053626294795143, 0.0974565269416069], "Precision@20": [0.008161541254547006, 0.01875633660020277, 0.019330855276424284, 0.019347752941424236, 0.019736398269534716, 0.019161879593313204, 0.019195674601016958, 0.018790131607906525, 0.018435281932092106, 0.018435281932092106, 0.018485975893980426, 0.01858736091709169, 0.017708685560055625, 0.0178776612431667, 0.017522812534240744, 0.01733693821924125, 0.0167962151953158, 0.01711726954113031, 0.016441365841797534], "Recall@40": [0.16177964283026888, 0.33063547560474926, 0.3422614352531472, 0.33912600420261807, 0.33807082206826633, 0.33490025300196435, 0.32958367629081825, 0.3276712998380207, 0.32818318863662765, 0.3270794764367581, 0.3251774186175915, 0.3305992753008565, 0.31909307574613466, 0.314751344341086, 0.31060337222641726, 0.31400663911510696, 0.3110136217102484, 0.3033670500832339, 0.3026024965709752], "NDCG@40": [0.052793769024239476, 0.1347989194817783, 0.13969329338937483, 0.13719594941907898, 0.13593379127370944, 0.13426526924692808, 0.1350146155375087, 0.13453627905760235, 0.13222471690331009, 0.1331051010745488, 0.1333031662415314, 0.13328425906001817, 0.13075920793405052, 0.12776703107755866, 0.1264791433857115, 0.12799493055482214, 0.1262309676128773, 0.12544637501501643, 0.11892198186824757], "Precision@40": [0.0072828658975109374, 0.01370395410298576, 0.014033457442448324, 0.014117945767448093, 0.014109496773800039, 0.013864481437041092, 0.013695506076226166, 0.013695505109337706, 0.013695505109337706, 0.013611017751226397, 0.013467388082171019, 0.013568773749874589, 0.013104089412708547, 0.012943561756357061, 0.012850625726893852, 0.012892869405949506, 0.01277458575094983, 0.012335248717024102, 0.012343697710672156], "Recall@80": [0.28604727252265333, 0.43410592757596, 0.4486839962231223, 0.4526028905457925, 0.4543291396811106, 0.45198224613335375, 0.4545394417884262, 0.4453127784638761, 0.43913753260708854, 0.4403874228716944, 0.4351306436995712, 0.4373469170624842, 0.43373606566764006, 0.43396485983902394, 0.42573626261379477, 0.4243553396252693, 0.4295891713113066, 0.42452311926735703, 0.4207074731618579], "NDCG@80": [0.07630317329594959, 0.15475810142174168, 0.16036033823748785, 0.15897258257052108, 0.15848723292632777, 0.15697468934569983, 0.1590284713018017, 0.157226539294677, 0.15380034296848596, 0.1551100488206993, 0.1546792239504676, 0.15397266827551406, 0.1530728251517484, 0.15080712445082797, 0.14850358360318888, 0.14930849117215883, 0.14897670919889533, 0.14882828279619645, 0.14157319012506864], "Precision@80": [0.006184522184660081, 0.009179621783814425, 0.009449983295777151, 0.009517573472332737, 0.009627407811388208, 0.009551368802332644, 0.009555592976860518, 0.009378168461249461, 0.009331699963073627, 0.009361270796249509, 0.00920919245584223, 0.00919651896537015, 0.00913737762131454, 0.00913315328563859, 0.00889236244570367, 0.008862792257120094, 0.008913484285231497, 0.008837445115027858, 0.008723386440296438]}