{"Recall@20": [0.009891851012464913, 0.04281459878971165, 0.05553118694777673, 0.06098670513645109, 0.06637465987309042, 0.07041695958352107, 0.07306061043934546, 0.07540738385581579, 0.07675735469099847, 0.07600368639041553, 0.07415069626644052, 0.07352583098259603, 0.07291693326604537, 0.07440040256287607, 0.0725936437510795], "NDCG@20": [0.004236581896787794, 0.018178303594322407, 0.02430301107545902, 0.02725063435804951, 0.02919815443524586, 0.030858855216848523, 0.03216513627237644, 0.032944892773273324, 0.033430805664231455, 0.03312207380947753, 0.032245499688270375, 0.03206174067393922, 0.03158040949164295, 0.03225408127617731, 0.03104018385935463], "Precision@20": [0.0008101976999063863, 0.0030625473389592583, 0.004034784539086883, 0.004385870296547915, 0.004763962510010201, 0.0050097225686444495, 0.005142054786251497, 0.00527168636357049, 0.005287890379148386, 0.005214972515091778, 0.005066436375270488, 0.0050529330394187425, 0.004993518521677048, 0.005128551469716369, 0.004974613785325187], "Recall@40": [0.01854909289227045, 0.07100693793460104, 0.08857339891666752, 0.09779586575130954, 0.10380136105184153, 0.11004328588642517, 0.1142870068640254, 0.11795475303424903, 0.12010449900590564, 0.11927707797702915, 0.11864569538211647, 0.11922038663884946, 0.11839858592168243, 0.11876488010092895, 0.11591699974086432], "NDCG@40": [0.006125951220230213, 0.02438485211605926, 0.0315459315174404, 0.03532409575248983, 0.037372460063441054, 0.03954026198636974, 0.0412096917223593, 0.042274023359223915, 0.042881649501434194, 0.04259301181023433, 0.041908498754044954, 0.04198158523930037, 0.04143022034432752, 0.04193408523739653, 0.04044388402186989], "Precision@40": [0.0007210759542809201, 0.0025804796840352066, 0.003229988137865937, 0.003560818886317766, 0.0037539160536859493, 0.0039780706849741575, 0.004100950745278356, 0.0041954737686629275, 0.004218429368863781, 0.00417926988669164, 0.0040779951128831395, 0.004111753329771492, 0.0040644918551027255, 0.004148212215922828, 0.003999675988371898], "Recall@80": [0.032502463972180894, 0.11454747961241496, 0.1403682882229221, 0.1506826213874994, 0.15864240596499674, 0.16649733386081458, 0.17113880777868967, 0.17752872853167334, 0.18024391771019618, 0.18079035243759328, 0.18057695686321376, 0.1803405931601968, 0.1785328642935916, 0.17906570887866952, 0.17618228730622773], "NDCG@80": [0.008710881224509977, 0.032411188263865826, 0.04100657717331936, 0.04508822216925282, 0.04750176952894066, 0.04998288393355451, 0.05169138796864955, 0.053264697581655175, 0.05396672291645958, 0.0539197947637198, 0.053251542333677286, 0.05319912089530909, 0.05247166067397246, 0.05300266863499551, 0.05151557624887362], "Precision@80": [0.0006360052059098403, 0.002109889885551718, 0.0025500973013110047, 0.0027722265578197123, 0.0029126607300950084, 0.0030490439934492035, 0.003120611485850802, 0.003207707742004347, 0.0032266123342864312, 0.003215809709550341, 0.0031577455570247835, 0.0031658474625966275, 0.0031219618317503204, 0.0031671978471293823, 0.0030936048704874467]}