{"Recall@20": [0.04911998479339713, 0.12397085939480187, 0.17951072700606202, 0.19955906379702285, 0.18962661830828617, 0.1932955423131429, 0.19549156258580813, 0.20009012019243463, 0.20158234622358429, 0.2107406982339367, 0.20285823676343623, 0.22148730505878517, 0.22226178529255292, 0.22707116068033964, 0.23339958229593508, 0.23436139652397875, 0.23747808283025568, 0.23812098888256697, 0.23368604427336356, 0.24271820058045898, 0.2413613079930931, 0.2431913364896423, 0.2449291212488647, 0.24435592914360849, 0.24637976334118367, 0.24484167843503138, 0.24460229232287883, 0.2472532065424737, 0.24856987656995871, 0.24654055560267668, 0.24956669989531408, 0.25183016772848726, 0.2470401043261818, 0.24989727261341194, 0.24804270319859698], "NDCG@20": [0.017885627437177726, 0.05236742922727141, 0.07634099926163757, 0.08835529612302377, 0.08288105213388312, 0.08825884706549404, 0.08893605960950371, 0.0935710740677607, 0.09340870642267235, 0.10103596864257483, 0.10006487744206631, 0.1080095111296442, 0.10821556408448008, 0.10907155172612949, 0.11325479335340144, 0.11582736382415143, 0.11823613049815579, 0.11707544149519343, 0.11492139965185003, 0.11740107147949054, 0.11883889649840133, 0.11747062556765377, 0.11934870197467604, 0.1193734311138951, 0.12106086805729739, 0.11875850810276249, 0.1199865466882023, 0.12085092176493457, 0.12174008528337804, 0.12080571263897616, 0.12051801820105901, 0.12334663104914298, 0.12135868775115378, 0.12049021048898752, 0.12108136867099052], "Precision@20": [0.004004731457069864, 0.010966543331062444, 0.015596485170169068, 0.016661034519908476, 0.016272389191797996, 0.016458263184501335, 0.016373774859501568, 0.016694829205316078, 0.016948293858019232, 0.017556607219648347, 0.017083474533426558, 0.01851977057938803, 0.01841838458938831, 0.01873943957979512, 0.019009800930609774, 0.019178777258313157, 0.019246367273720668, 0.019313957933720483, 0.019280162603720574, 0.019618114292238885, 0.019550524276831377, 0.019432241266424007, 0.019601216627238932, 0.019635012601831144, 0.0197026022949425, 0.01953362628953527, 0.019550523954535222, 0.01978709061994227, 0.019922271295349594, 0.01988847596534969, 0.0199391692826457, 0.02004055462805312, 0.019820886594534484, 0.019939168638053395, 0.01992227161764575], "Recall@40": [0.09398244514220387, 0.2038036989738668, 0.28363172215922294, 0.30192350366301696, 0.2936631306154819, 0.28944262381782804, 0.30152347483478636, 0.29988399813730354, 0.2975076080456341, 0.30457992527927247, 0.3054119237736698, 0.3198176645354348, 0.31923296258996653, 0.31858454914099466, 0.3251139907347024, 0.32825843060729715, 0.3312779949016771, 0.33353369668675015, 0.33366378057079565, 0.33667584696747477, 0.33715018439671607, 0.3369200546300746, 0.33500499151654645, 0.3358023986094463, 0.3414510280226243, 0.3354016839350023, 0.33422059487474653, 0.33507728383282465, 0.33759823793009675, 0.3414715260579482, 0.3354315878612522, 0.34302854135093674, 0.33925889335237835, 0.3396715355628485, 0.34104629109219226], "NDCG@40": [0.02788100543961649, 0.07057890097568792, 0.1004794044404386, 0.11173744369254156, 0.10672650429073642, 0.11042536316227373, 0.11347093804537665, 0.1165986159396518, 0.11569830097431828, 0.12280779829215423, 0.12354112001801311, 0.13046376549661784, 0.1305187002312859, 0.13016257845255602, 0.13457919343495217, 0.13751436254792054, 0.14012752944208876, 0.1391712251890749, 0.13796451229547962, 0.13919877248585485, 0.14086074029807102, 0.13922406370956458, 0.14042527951997613, 0.14072423111792148, 0.14298740243863398, 0.13991877435630704, 0.1409335225045016, 0.1413650229074698, 0.14239835594102473, 0.14265903938296035, 0.14063510205061625, 0.1445314382209533, 0.14288786707314416, 0.14146498628225065, 0.14281424173997762], "Precision@40": [0.003709023367033169, 0.008862791612527789, 0.012411288048375817, 0.012749240381486435, 0.01263940572013481, 0.012461980721079525, 0.012909767393245614, 0.01279993273189399, 0.012808381080949737, 0.013044948068652938, 0.01299425539594923, 0.013458939088522965, 0.013501183412170926, 0.013458939088522965, 0.013670159095282006, 0.013779993112041323, 0.013915174754337106, 0.013864481114744939, 0.014067252450152078, 0.01400811110609647, 0.01394052109068896, 0.013940520446096654, 0.013999662112448416, 0.013982764447448462, 0.014058804423392484, 0.013881379424337198, 0.013872930752985298, 0.0139067254383929, 0.013974315776096561, 0.014117945767448093, 0.013923623103392853, 0.014092599108800086, 0.014041906436096378, 0.014058804745688637, 0.0141432924260961], "Recall@80": [0.16619192357400092, 0.31157325159339094, 0.404826131693694, 0.4199273720831837, 0.413688801478276, 0.421700145312764, 0.4278632109533415, 0.425006986349247, 0.4159773516872518, 0.42709209291304073, 0.4314243204491329, 0.4333234028302161, 0.429733755943863, 0.4303829583738172, 0.43431044382273887, 0.43570637292014297, 0.43821043354226513, 0.4396284953610806, 0.44108397447406217, 0.44060856444322405, 0.44124501941573907, 0.4447756938412206, 0.44072307497716184, 0.445490613745934, 0.44723615939651806, 0.44696767896605166, 0.4448165970905764, 0.4469470416987897, 0.4504241891791991, 0.4487278491268693, 0.4505509005563007, 0.45680304369679897, 0.4509596752129362, 0.4563077802229427, 0.459152608435071], "NDCG@80": [0.04153809800426796, 0.09117665086174462, 0.12345380096590249, 0.1342480844160559, 0.12985223561938286, 0.13560590521634208, 0.13733078265923349, 0.14044133502512857, 0.13851435984578958, 0.14616637183186493, 0.14768775148382055, 0.1522148366955818, 0.15169158502380845, 0.1517609173722185, 0.15583082678028762, 0.15856064683321805, 0.16083259492276608, 0.15993712471320284, 0.15896213244005972, 0.15956691730340697, 0.16125033972592884, 0.160102818454589, 0.1609307921146291, 0.1619954420207682, 0.16358308060501991, 0.1616104270365239, 0.16231026090291273, 0.162970465234342, 0.16416566055261755, 0.16349027736157168, 0.16276829530355616, 0.16662354258195336, 0.1645168653812389, 0.16405243920329132, 0.1656410085788326], "Precision@80": [0.003358398188042778, 0.0067590403774373635, 0.008710713594416664, 0.008862791773675865, 0.008905035775027673, 0.008947279454083329, 0.009027543121110993, 0.00900219678475914, 0.00893460676935163, 0.009082460451786806, 0.00921341679151818, 0.009175397448138474, 0.00913737762131454, 0.009204967959018203, 0.009289455961721819, 0.009352821802601455, 0.009344373453545708, 0.009348597466925505, 0.009471105135304978, 0.009390841790573465, 0.009365495293073536, 0.009416188288073396, 0.00936971946760141, 0.009458431967129052, 0.009445758798953124, 0.009471105618749209, 0.009399290461925365, 0.00944153462442525, 0.009530246962804818, 0.009513349136656787, 0.009504900626452963, 0.00961895946233246, 0.009542919969832668, 0.009665427477064064, 0.009716120472063926]}