{"Recall@20": [0.012122068727610113, 0.047109612715969314, 0.05823426310001574, 0.06438349492737654, 0.06901598682385021, 0.07166507162465201, 0.07279393409464444, 0.07346437136297854, 0.07309566976648821, 0.07158608069311173, 0.07071408466191996, 0.07084815745813691, 0.06874708620920106, 0.07269903427969628, 0.07287656255142856, 0.07302924522226001, 0.07022577693527533], "NDCG@20": [0.004942791217524971, 0.02004733309189985, 0.025051980853351183, 0.02845186416848092, 0.03011929969544466, 0.031314999486478784, 0.03151578978919385, 0.03149911270963717, 0.03124291251387467, 0.030517818140419536, 0.0303221758709776, 0.030317619602301858, 0.02951301444203959, 0.031023591927450807, 0.03130719565644666, 0.031008508816591618, 0.030110736419691746], "Precision@20": [0.000942529990353182, 0.00331370859607399, 0.004077995082298494, 0.004553310997261784, 0.004834179581660386, 0.0049719133953483085, 0.005031327655535094, 0.005004321075585539, 0.004966511860436724, 0.004904396776454011, 0.004890893388286424, 0.004890893450260575, 0.004726153356835537, 0.005074538249452827, 0.005104245569895395, 0.005066436344685842, 0.004877390175980549], "Recall@40": [0.02246252238988696, 0.07659310033566831, 0.09160717349852394, 0.10342663777007183, 0.10722774190574069, 0.11003484161391788, 0.11296112817861328, 0.11310487678476733, 0.11327066055265708, 0.11429823610351734, 0.11463537177038177, 0.11488904329204941, 0.11414572419159044, 0.1156786728513103, 0.11743436573622383, 0.11534713735536145, 0.11350784668000893], "NDCG@40": [0.007201762620246577, 0.026460582138305478, 0.032357477608646004, 0.0369874383069867, 0.03849422858267994, 0.039744139516071586, 0.04027690105256914, 0.04014906973899074, 0.04000062006035234, 0.039802475857453945, 0.039892068959549644, 0.039892644234193995, 0.039307249999914286, 0.04032895508885989, 0.04094217349505005, 0.040212123507594164, 0.039470977359267745], "Precision@40": [0.0008574592381590217, 0.0027074106653333934, 0.003259695386273616, 0.003710705490352861, 0.0038322352047575415, 0.003921356878348119, 0.0039713190327430375, 0.003928108654527539, 0.003914605205190662, 0.003964567441681208, 0.0039956250255252365, 0.003995624901576937, 0.003910554201296188, 0.00402533224334827, 0.004088797713473457, 0.004022631496818815, 0.00394026155272583], "Recall@80": [0.040731734895701026, 0.12294323037172145, 0.1426359459740098, 0.1594394462546713, 0.16454442093152652, 0.16948840303143892, 0.17114052010674552, 0.17368285666535094, 0.17410826489878253, 0.17495775269138203, 0.17521010591824884, 0.17552148882431257, 0.17231940563803966, 0.176904936981366, 0.17594000942135032, 0.17382063576685014, 0.16854284530042946], "NDCG@80": [0.010563555618361134, 0.03494009657916773, 0.041730340039406844, 0.04724959812296175, 0.04897901472808914, 0.050614556857238154, 0.05100158430966726, 0.05129463521710763, 0.051178450716794846, 0.050910199269293396, 0.051011969515967474, 0.051020031538356825, 0.04999363410803828, 0.05164507999525248, 0.051771785368913706, 0.05099689990098551, 0.04961323076182029], "Precision@80": [0.0007676623252178096, 0.0021915847983501433, 0.002566976403718738, 0.0028748515922126677, 0.0029599222103977893, 0.003030139328729801, 0.0030638976743956087, 0.0030719996298687164, 0.003073349912989226, 0.003086853269767308, 0.003104407475906919, 0.0031084585409706838, 0.003030814601482088, 0.003163822080573395, 0.003156395211930124, 0.0031017068573500586, 0.002986928837029172]}