{"Recall@20": [0.012558592258241968, 0.04235558882251058, 0.048866326084942596, 0.06170833377378657, 0.05893068799347191, 0.06965133262218892, 0.06914199602659286, 0.06403889774027043, 0.07123600960138408, 0.06926601329967065, 0.06882450031232304], "NDCG@20": [0.00513039863581558, 0.01816065789582573, 0.02081097908252849, 0.026680908431576205, 0.02565032698956939, 0.03011178700548147, 0.03006695326994366, 0.02752892308092483, 0.030436520766037464, 0.029431633355873274, 0.029144145312519944], "Precision@20": [0.0009155233928979415, 0.003076050556496718, 0.00350545540386005, 0.004358863681184559, 0.004148212293189301, 0.004855784884253266, 0.004807173032295476, 0.00436426492634687, 0.004801771673648033, 0.004620827492207782, 0.004580317659306966], "Recall@40": [0.02317578424010947, 0.06837438777261359, 0.08124898594451077, 0.09685975464500154, 0.09491733609953953, 0.10753565400185307, 0.11104124069110845, 0.10010025394881043, 0.11225830425618083, 0.11211453574103233, 0.11116573034564452], "NDCG@40": [0.007468390357092568, 0.02384767590813597, 0.027838496856920223, 0.034341489572021246, 0.03351726527603988, 0.03842135630584219, 0.03920945799787294, 0.03543168527204042, 0.03940978165616533, 0.03876897938967241, 0.038366288065820195], "Precision@40": [0.0008561088996038422, 0.0024981096369202584, 0.00290725943825087, 0.0034554932076124594, 0.0033866264102293347, 0.003821432419854492, 0.003906503145890732, 0.003500054084650703, 0.003883547560177342, 0.003814680782110835, 0.0037809226070751544], "Recall@80": [0.038094446496055874, 0.11070001791115133, 0.12843345171485515, 0.1491950181283381, 0.14735711567394416, 0.16177148917870812, 0.16597227541818543, 0.15345875367214784, 0.17312132530546193, 0.1713793821438891, 0.1702100498907842], "NDCG@80": [0.010248002391262266, 0.03157853934681672, 0.03647451801512274, 0.04396234548180745, 0.043158300767465664, 0.048376887782392436, 0.04929781627150222, 0.04524662127128569, 0.050532485981076146, 0.04960305785803142, 0.04917312616198061], "Precision@80": [0.0007217511124413936, 0.002019417808111767, 0.0023144647652906876, 0.0026993086728367677, 0.0026635249725129365, 0.0029079345315195797, 0.0029666739720897463, 0.0027337421206247345, 0.0030362158418152443, 0.002980177225041006, 0.0029457438126668386]}