{"Recall@20": [0.013219392233975598, 0.0484069634864381, 0.057491551082232376, 0.06545092908355063, 0.06729202800040705, 0.06854789870287799, 0.06676719208521914, 0.06653420090920031, 0.06600311073665036, 0.06566061794056006, 0.066686972603886, 0.06700068231250705, 0.06634385794146834], "NDCG@20": [0.00530721794339407, 0.020753097544481885, 0.025300324632808045, 0.028494675602191235, 0.029429461820292734, 0.02942449975454152, 0.028457381632076402, 0.028262041873752627, 0.028032176776878567, 0.027735664653407197, 0.02800733063511242, 0.028132515359519817, 0.02799777590817685], "Precision@20": [0.001010046452702386, 0.0033866264810569345, 0.004053689182879949, 0.0045722156821026635, 0.004677541372880857, 0.004709949197992723, 0.004596521613715572, 0.0045533111517947296, 0.004491196027569062, 0.0045128012472614555, 0.004615426215655966, 0.004615426277630116, 0.004585719013930114], "Recall@40": [0.025656713012022787, 0.079754282154068, 0.09222738014205532, 0.10421773420756046, 0.10619285743592224, 0.10805832351968087, 0.10641125879599876, 0.10631278927001425, 0.1065571354238315, 0.10732883710099873, 0.10819905785771494, 0.10930826015705242, 0.10903129838282287], "NDCG@40": [0.008016474643999651, 0.02758028041830946, 0.03287932499832709, 0.03695542331749952, 0.037946080909095216, 0.03803594029721114, 0.03706246721985351, 0.036891490578380995, 0.03680508958606982, 0.03671870337741041, 0.03698160274376219, 0.0372968390189611, 0.03721911469095145], "Precision@40": [0.0009425299851215979, 0.002803284074055578, 0.0032704979506452746, 0.003703953735099777, 0.003757967026995778, 0.0037728206355048654, 0.0036972021488671015, 0.0036593929385474425, 0.003653991595192322, 0.0036931512013127638, 0.0037593173616272697, 0.0037903748971797537, 0.003770120032240328], "Recall@80": [0.04690075806643183, 0.12743275003555823, 0.14620804258694567, 0.1588000234909033, 0.1636647123670789, 0.1656187851691434, 0.1654856923307213, 0.16723429045358332, 0.16704857909577678, 0.16748559332002094, 0.1697851843255455, 0.17013923135678943, 0.1691712699544807], "NDCG@80": [0.011919412870985057, 0.036308466918115366, 0.0427368517067258, 0.04697916311206552, 0.04848608770264371, 0.048567002208776064, 0.04788655692330573, 0.04804472409714321, 0.047873726619478564, 0.04774404458071406, 0.04823249612601978, 0.048485004813029545, 0.04822653087102093], "Precision@80": [0.0008594847324600973, 0.002263152297190614, 0.0026007346584354684, 0.002857297272587925, 0.0029153614154551733, 0.002936291533025408, 0.002917386869110865, 0.0029221130322724938, 0.002913335823363718, 0.0029349411259565984, 0.002980177225041006, 0.0030092092844017436, 0.002968024219796456]}