{"Recall@20": [0.012908994063350285, 0.04833084331342259, 0.05827911772969553, 0.06441803087718906, 0.06926736329948077, 0.07033108307602623, 0.07137215352540038, 0.071921872129396, 0.07072467037471669, 0.0707370915268157, 0.06949325215421151, 0.0701223990437381, 0.06859114527560677, 0.07161604885510521, 0.07276092657868286, 0.07161521726181559, 0.06923948174433664], "NDCG@20": [0.0051776169185261366, 0.02027868683039144, 0.02520535212298687, 0.028330262605914987, 0.03011532253898142, 0.03063025503008157, 0.03063587619172222, 0.03067793999504319, 0.03023245877550992, 0.02978718476533967, 0.029510017114593747, 0.029613908409647362, 0.029133854306927637, 0.03040076611790735, 0.030822937330417195, 0.030299064953898693, 0.029555627481203633], "Precision@20": [0.0010100464643728428, 0.003359619881790761, 0.004077995114492857, 0.004542508474742799, 0.004820676338367435, 0.004869288272420853, 0.004909798002299704, 0.004890893368969806, 0.004796370356853263, 0.004831478963908385, 0.0047909690996180655, 0.00480177157062607, 0.004720752007846404, 0.004982715865149023, 0.005079939598039531, 0.005001620539929165, 0.004831478953042787], "Recall@40": [0.02349130672320081, 0.077259883311934, 0.09234583809242607, 0.10384344155759834, 0.10714509943796953, 0.1093524834681397, 0.11125687374800293, 0.1114409657550757, 0.1120657469858757, 0.11321399311557295, 0.1122968918795306, 0.11366063152287272, 0.11274992411319748, 0.11517876248206693, 0.11613927663267593, 0.11556233787454204, 0.11271882124154217], "NDCG@40": [0.0074638078572542245, 0.02658702985403591, 0.03264959008902057, 0.036968826951431485, 0.03845496545719305, 0.03922691151533552, 0.03935151060495235, 0.039308912825916656, 0.03925157543700367, 0.03897421741454689, 0.03882988135140131, 0.03908949082724744, 0.0386460696670913, 0.039849783040875296, 0.04021771078788656, 0.0398206627882749, 0.03896214810820884], "Precision@40": [0.0008804148367501573, 0.002719563625505834, 0.003266447049772764, 0.0037309603021715865, 0.003824133145457611, 0.0038889489502142893, 0.0038997516320953747, 0.00386464310713588, 0.003874095295023375, 0.003910554210954497, 0.003905152893354868, 0.003948363498540629, 0.0038686939516682545, 0.004003726986632358, 0.004050988549835625, 0.00402128121852746, 0.0039213568888112876], "Recall@80": [0.04296519419692873, 0.12405753406113806, 0.14492721872864395, 0.16008145162453208, 0.16508484118518169, 0.16897211778469112, 0.17098994485320007, 0.17419137642555366, 0.17247941677624687, 0.17309385625025978, 0.17347539912241638, 0.1738383412760355, 0.17074482181075584, 0.17635465484722987, 0.1763399242002634, 0.1733131926376773, 0.16955662922376533], "NDCG@80": [0.011053714469401977, 0.035163594628946304, 0.042291966295401995, 0.04724159206725408, 0.04904785249742432, 0.05013836435897183, 0.05031846403315836, 0.05079445052613086, 0.050313322799334814, 0.04993157439836096, 0.05005133055424966, 0.05013469044121937, 0.049299457025048905, 0.051116628228066306, 0.05132295073939539, 0.05046221855019756, 0.04941395787604494], "Precision@80": [0.0007993950602804029, 0.002205763242762921, 0.0025966836368340944, 0.002872150836024903, 0.0029632980968777815, 0.0030227126242777847, 0.003040942021074055, 0.003066598260758105, 0.003035540697840412, 0.0030429675463622056, 0.0030625473333252447, 0.00307740094344405, 0.0030017824857812136, 0.003143567087661374, 0.003153694553130309, 0.0030855029351358164, 0.002998406678177412]}