{"Recall@20": [0.013260136081266574, 0.04808019401832161, 0.057873647594421, 0.06507224177417918, 0.06880505883154117, 0.07051876408499802, 0.07066398714149412, 0.0702306742903557, 0.06945171121311094, 0.06863070075167066], "NDCG@20": [0.005305980662489808, 0.020444779207011828, 0.025019061910522746, 0.028596934932759426, 0.029862325025632443, 0.03031475567542104, 0.03027701450627914, 0.030007073608036623, 0.029582776369898627, 0.029032582293785816], "Precision@20": [0.0010073457926952827, 0.0033407152323636814, 0.00406179107315947, 0.0045533111002837474, 0.004772064488019363, 0.004863886985405869, 0.004836880241265059, 0.004777465775034347, 0.004718051102759708, 0.004701847302884047], "Recall@40": [0.024679042613826974, 0.07869124657213784, 0.0932022028071352, 0.10430113352618671, 0.10720628531535217, 0.10977339731690125, 0.11054652824352405, 0.10994411514144589, 0.11067543674187538, 0.11163407300813313], "NDCG@40": [0.00778499730168788, 0.027107510515715555, 0.0327132287519442, 0.037176693684727424, 0.03829950187586677, 0.03889849848632384, 0.038946865057473926, 0.038654282275396974, 0.038534204002022676, 0.03832452288453826], "Precision@40": [0.0009182240712155891, 0.0027614238904260903, 0.0032880523523656446, 0.0037309604051935503, 0.0038079292473891416, 0.003872745037658356, 0.0038457384738059823, 0.0037930755261997816, 0.00381468075152619, 0.003851139667457312], "Recall@80": [0.044747716061584994, 0.12427967068854633, 0.14528114615138824, 0.1603093816405485, 0.16520054309198404, 0.16788123552055148, 0.17019904936005129, 0.17251507540790698, 0.17100297522568042, 0.170707910947129], "NDCG@80": [0.011466034361182117, 0.03549103800235949, 0.042263492312456574, 0.047414258500727925, 0.04891723522527488, 0.04955697771770671, 0.049874384742943687, 0.050104483834891286, 0.049581520009069166, 0.04915744873029155], "Precision@80": [0.0008297774671503776, 0.002217916243983175, 0.0025993843173651044, 0.0028816031639578793, 0.0029572215974749427, 0.0029984067296883942, 0.003009884448498053, 0.0030247380779334764, 0.0030024577182905456, 0.0029970563902277482]}