{"Recall@20": [0.04911998479339713, 0.12397085939480187, 0.17951072700606202, 0.19955906379702285, 0.18962661830828617, 0.1932955423131429, 0.19549156258580813, 0.20009012019243463], "NDCG@20": [0.017885627437177726, 0.05236742922727141, 0.07634099926163757, 0.08835529612302377, 0.08288105213388312, 0.08825884706549404, 0.08893605960950371, 0.0935710740677607], "Precision@20": [0.004004731457069864, 0.010966543331062444, 0.015596485170169068, 0.016661034519908476, 0.016272389191797996, 0.016458263184501335, 0.016373774859501568, 0.016694829205316078], "Recall@40": [0.09398244514220387, 0.2038036989738668, 0.28363172215922294, 0.30192350366301696, 0.2936631306154819, 0.28944262381782804, 0.30152347483478636, 0.29988399813730354], "NDCG@40": [0.02788100543961649, 0.07057890097568792, 0.1004794044404386, 0.11173744369254156, 0.10672650429073642, 0.11042536316227373, 0.11347093804537665, 0.1165986159396518], "Precision@40": [0.003709023367033169, 0.008862791612527789, 0.012411288048375817, 0.012749240381486435, 0.01263940572013481, 0.012461980721079525, 0.012909767393245614, 0.01279993273189399], "Recall@80": [0.16619192357400092, 0.31157325159339094, 0.404826131693694, 0.4199273720831837, 0.413688801478276, 0.421700145312764, 0.4278632109533415, 0.425006986349247], "NDCG@80": [0.04153809800426796, 0.09117665086174462, 0.12345380096590249, 0.1342480844160559, 0.12985223561938286, 0.13560590521634208, 0.13733078265923349, 0.14044133502512857], "Precision@80": [0.003358398188042778, 0.0067590403774373635, 0.008710713594416664, 0.008862791773675865, 0.008905035775027673, 0.008947279454083329, 0.009027543121110993, 0.00900219678475914]}