{"Recall@20": [0.013163343855870315, 0.045720750690343585, 0.05738812198877927, 0.06417247200032812, 0.06800465907290235, 0.0702167488888117, 0.07023206701852519, 0.0726540680514745, 0.07160233001259808, 0.07213552142111622, 0.07214608076029029, 0.0714019070797661, 0.0716505959312898, 0.0717265003248027, 0.07263760802631722, 0.0717593867255684, 0.07267764483387248, 0.07198658133217592, 0.06867879704469942], "NDCG@20": [0.0054066876967447525, 0.019256988006468995, 0.024308535840736167, 0.027766772231878466, 0.029630997377453117, 0.030494427492954154, 0.030390154610986493, 0.030802942125897976, 0.030472832782306898, 0.030344167499494847, 0.030514650800978375, 0.030355011230799245, 0.03024925843188659, 0.030537566955035227, 0.030802700391299422, 0.030699983997351153, 0.030847232839104885, 0.03038779208556331, 0.02901139738519287], "Precision@20": [0.0010127471247823757, 0.003238090135191717, 0.004083396317802496, 0.004558712490320695, 0.004788268461744587, 0.004898995489439027, 0.004888192751217805, 0.004969212508773371, 0.004866587540378861, 0.004917900163011879, 0.004947607278617808, 0.004917900019746961, 0.004898995376758755, 0.0049395053319981515, 0.004996219180476862, 0.005001620477955014, 0.005047531638918626, 0.004963811252343033, 0.004696446180060317], "Recall@40": [0.023613832598823548, 0.0756234120019404, 0.09170875449385102, 0.10183568055910208, 0.10740941467379936, 0.11016513104442388, 0.11394990725484822, 0.11541276572009998, 0.115670463056792, 0.11532928800175948, 0.11571526761779752, 0.11587599012266293, 0.11447938000832622, 0.11606817141431215, 0.11530314926917241, 0.11564524057579309, 0.1150246684103351, 0.11422645176436998, 0.10811628764270899], "NDCG@40": [0.007728400782347884, 0.02578673558988774, 0.03178006801438329, 0.03602102638076497, 0.038225521262989864, 0.03922791360997479, 0.039928030553049, 0.04010805023068085, 0.040062844476393855, 0.03971004171866996, 0.03995688798374268, 0.04000203200211803, 0.039554835408942106, 0.04017121235263442, 0.04009835619873396, 0.04028013577481332, 0.04005743002832303, 0.03959736081504842, 0.03763257006505814], "Precision@40": [0.0009155234019526063, 0.002707410608188398, 0.0032867020225633074, 0.0036688452246277457, 0.003826833779306794, 0.0039119045979018295, 0.00398212172589215, 0.003996975258744483, 0.003984822425739778, 0.003974019681884542, 0.003990223640317444, 0.003999675936056057, 0.0039497138025874744, 0.00402938337521534, 0.0040091281762593915, 0.004046937550770306, 0.004019930883895968, 0.003992924325677608, 0.0037552663311724455], "Recall@80": [0.04094777483784046, 0.12247151350812777, 0.14196556722215098, 0.15571800869433505, 0.16293197967481496, 0.1685691660728261, 0.17076737785153917, 0.17378067802865188, 0.17394213786171028, 0.17433727190640572, 0.1752530085907856, 0.17558352777506422, 0.17406904891872169, 0.1758155258193546, 0.1753127522121898, 0.1745690812659699, 0.17565315254205657, 0.1725847908857382, 0.16788242769071346], "NDCG@80": [0.010920258002081842, 0.03437110229536281, 0.04103282923006633, 0.04592063018231795, 0.04848407014626541, 0.04994719348098542, 0.05041019584546146, 0.050847831755744546, 0.050809973991495415, 0.050627703824825725, 0.05093177127003657, 0.0510311883534084, 0.050514120860891513, 0.05116508624408677, 0.0511263379064739, 0.05111821078708134, 0.05117160888654155, 0.050288464964575806, 0.0485673609956418], "Precision@80": [0.0007818407780816079, 0.002206438422956412, 0.0025710273673702575, 0.0028309657971751063, 0.0029504699766333266, 0.003024062939592658, 0.003049044054618494, 0.0030807767462186966, 0.003084827775868662, 0.0031030572129078864, 0.0031091337058718523, 0.0031152101473248366, 0.003066598312269087, 0.00311521015295885, 0.0030976558695527665, 0.003105082645637242, 0.0031152101424956817, 0.0030530949965388186, 0.002945743813471698]}