{"Recall@20": [0.011629218556549479, 0.04272194096448935, 0.05513742207785437, 0.06215558492996992, 0.06672339376548692, 0.06901073368241878, 0.06990093660493694, 0.07022565176358964, 0.07050332069345462, 0.06928315669526752, 0.06916917154646543, 0.06589794922585851, 0.06972927051472898, 0.06056965696794935, 0.0691045774836075, 0.07112423982400802, 0.07061278192891639], "NDCG@20": [0.0045565825031761015, 0.01836566106281773, 0.023695700206212637, 0.02679297938722378, 0.02879323600834153, 0.029991806203762423, 0.030249773258393845, 0.03026289165026428, 0.030181438996027675, 0.029526210029555074, 0.029948850732469348, 0.027874516226424503, 0.030461114349460014, 0.0257590572391278, 0.029894646003229053, 0.030749657208942446, 0.03062632139395905], "Precision@20": [0.0008993194417087721, 0.0030598466077221254, 0.0039402615326043534, 0.0044128767944018425, 0.004688343977495469, 0.004801771787133165, 0.0048557849969335385, 0.0048233768112448, 0.004807172909152035, 0.004758561254384722, 0.004788268358722624, 0.004499298003968506, 0.0048827913804974764, 0.00415091286908863, 0.004788268430355082, 0.005020525203843707, 0.004934103993472185], "Recall@40": [0.02215788717775735, 0.07124604233091382, 0.08952917614314886, 0.09905176656194932, 0.10385330297448046, 0.1084126166188847, 0.11093822560429355, 0.11229657413403957, 0.11347684126713112, 0.11174584810401807, 0.11301915535108309, 0.10780899081951832, 0.1147274894256938, 0.10144379603318034, 0.11185438421512507, 0.11549993139293548, 0.11325248858577633], "NDCG@40": [0.006838318385868746, 0.024619302958768376, 0.03119143175617773, 0.034830788395710535, 0.03694819000378481, 0.038642663490544314, 0.03922036884798658, 0.03945988621427905, 0.039511195678645, 0.038809113179528586, 0.03948421644136846, 0.036955142518260174, 0.040226966087924, 0.0346084741713149, 0.03915235401809608, 0.04031183685637762, 0.03988010646123228], "Precision@40": [0.0008210003383250812, 0.0025750783664355774, 0.0032029815377949047, 0.0035513666461144304, 0.0037066545106041594, 0.003861942334850934, 0.003901102027896157, 0.0039227071461763055, 0.003907853599641369, 0.0038889490274807616, 0.00394296220669649, 0.0037039538059273768, 0.004018580641823272, 0.0034879010222611576, 0.0038659932614789356, 0.004059090536698237, 0.0039672681366996814], "Recall@80": [0.03888363130950021, 0.11347984940544426, 0.1387698077815545, 0.15063134622300844, 0.15760097893085132, 0.16738449019207172, 0.16921965679520212, 0.1746341466929442, 0.17440914837294397, 0.1730805720316613, 0.17403684744660278, 0.16618918744124617, 0.1758372828217888, 0.158075537655309, 0.172867930062945, 0.1744483431819913, 0.1731581578208855], "NDCG@80": [0.00991007772264154, 0.032368019781785405, 0.040269935711859314, 0.04432385089112317, 0.04682754777453174, 0.04945105598209048, 0.04989588022412344, 0.05088382790023492, 0.05064397234503054, 0.05007082303090346, 0.05065346847178548, 0.047565532809806924, 0.0514438455712915, 0.04495321040510474, 0.050342609677083476, 0.05114604003282349, 0.050893102375235325], "Precision@80": [0.0007183752850179372, 0.002069379934336617, 0.0025156638430598693, 0.002734417249307244, 0.0028478449510938213, 0.003004483124459551, 0.0030146106631706634, 0.0030929298142422556, 0.003037566232786872, 0.0030679486831192374, 0.003086178038062835, 0.0028701253413213976, 0.003137490630111208, 0.0027573728301914795, 0.003040942056487855, 0.0031125095038173445, 0.003079426437342696]}