{"Recall@20": [0.012056352562403156, 0.0473702904265553, 0.05838161376610268, 0.0645280245430361, 0.06915134367294287, 0.07169094579683674, 0.072570186332504, 0.07329821836437149, 0.07323970600996443, 0.07190486608783202, 0.07153581421666569, 0.07148795022528695, 0.06919674740968827], "NDCG@20": [0.004872169217242269, 0.020140933542332973, 0.025145286068592315, 0.028542611077934925, 0.03015076198497524, 0.03141961125919548, 0.03152538045147808, 0.03164188419110035, 0.03142927810622173, 0.030681872903573097, 0.03067241566760939, 0.030522340321703093, 0.02961235998309662], "Precision@20": [0.0009371286518272164, 0.003324511170103958, 0.00408609703857646, 0.004561413006660451, 0.004853084276159574, 0.004982715866356313, 0.005009722444696149, 0.005004321178607502, 0.004974613910078345, 0.004912498681220996, 0.0049368046530768595, 0.004931403293624557, 0.004753159801971195], "Recall@40": [0.022449890454850574, 0.07631411685842641, 0.09078343130669868, 0.10363889268527114, 0.10772639128615046, 0.11031730393682428, 0.11349114844231649, 0.11361858220701536, 0.1140415755541108, 0.1145647366154821, 0.11484714207026463, 0.11478038561502543, 0.11475010212855706], "NDCG@40": [0.007142399014671485, 0.026427643544037503, 0.03225679559585046, 0.03709062282629838, 0.03857096847143932, 0.03990275535056024, 0.04047125183223738, 0.04044129143552439, 0.04033179572633808, 0.039976703859217755, 0.040099828369715075, 0.03992946121905656, 0.03942560933251044], "Precision@40": [0.0008574592381590217, 0.0026912067527774604, 0.0032367398520712076, 0.003720157729751337, 0.003844388057078864, 0.003932159585984696, 0.003994274716649236, 0.003944312515572491, 0.003951064111463475, 0.003979421096872122, 0.003998325617521747, 0.003990223743339408, 0.0039308091435020865], "Recall@80": [0.04018580914831476, 0.12201856127101555, 0.14253390807627447, 0.15924479078754591, 0.16353626612827796, 0.16891514540259495, 0.17225181885152988, 0.17286324194547256, 0.17355270288901542, 0.17611466296821224, 0.17558222454722555, 0.1757240415430744, 0.1722955078392033], "NDCG@80": [0.010399419429223147, 0.03480769063968747, 0.041766517940396375, 0.047265272489747386, 0.048811353449302756, 0.05063805469905659, 0.05128230929593616, 0.051378158200723355, 0.05125817377391896, 0.05122652488585694, 0.051254128822564846, 0.05112360204233263, 0.04999824127600287], "Precision@80": [0.0007588851887463519, 0.0021753807827722465, 0.00257035220166423, 0.002871475665489721, 0.002949119662123313, 0.003026088412564968, 0.003082802256214525, 0.00306524798246675, 0.003061196927061294, 0.0031057578773417147, 0.003111159149064376, 0.0031131846735476675, 0.003029464241095105]}