{"Recall@20": [0.1789379474398815, 0.1757052706157327], "NDCG@20": [0.08229295189777876, 0.07487983097696514], "Precision@20": [0.013264616746763878, 0.015174045801243295], "Recall@40": [0.2532495651425603, 0.2719747962964552], "NDCG@40": [0.09947300763015773, 0.09684444013661975], "Precision@40": [0.009978033473822827, 0.011617100855191442], "Recall@80": [0.36014460195919756, 0.38599417668091524], "NDCG@80": [0.1196749507675867, 0.11855758868104987], "Precision@80": [0.007147685222103612, 0.008254478089750598]}