{"Recall@20": [0.012266618123486681, 0.04741540621691264, 0.058450848234386184, 0.06417758039590078, 0.06885304811050533, 0.07198426539843575, 0.07295131951206714, 0.07333148209595637, 0.07315289887931752, 0.07167644908699397, 0.07104009313254733, 0.07134158857004991, 0.06871930777904242, 0.07252669501822312, 0.07251112139404006], "NDCG@20": [0.004990465996189948, 0.020120854561640786, 0.025152155367076635, 0.02844238326322109, 0.030099816593789533, 0.03149054643336957, 0.03165918379374942, 0.03156811387180651, 0.03128093567344737, 0.03058950721000613, 0.030462384520126132, 0.030415463276296788, 0.029474959777062663, 0.030968071536908618, 0.031137482012736046], "Precision@20": [0.0009587339479812243, 0.0033272118393669406, 0.004083396317802496, 0.004545209040983818, 0.004834179642829677, 0.004990817771123297, 0.005028627140805056, 0.004996219170818553, 0.004969212623063362, 0.004909797960447031, 0.0049124986297100146, 0.004915199329557643, 0.004731554540828558, 0.00505563361612293, 0.005090742223580481], "Recall@40": [0.02241594657226246, 0.07644675063097903, 0.09127439195192619, 0.1032401828512435, 0.1075818119108825, 0.11017363609988964, 0.1133673215280718, 0.11336752674782316, 0.11347428634819104, 0.11422459353145828, 0.11468335033506172, 0.1148793996120872, 0.11467920900666072, 0.11628102733389122, 0.11737820970016666], "NDCG@40": [0.007206161529311895, 0.026438300548033, 0.03234011735181591, 0.03698940870506119, 0.038563908131601383, 0.03987885075227429, 0.040477580793400726, 0.04030808128084131, 0.04007992531190336, 0.03984955742277516, 0.039963400182345905, 0.03987459778669806, 0.039385024409475965, 0.040437893088646634, 0.04084268724530745], "Precision@40": [0.0008615102162980049, 0.002703359764460883, 0.003243491447962192, 0.0037080047953343873, 0.0038376364145060525, 0.003926758139607612, 0.003983472070181951, 0.003936210559294525, 0.003926758139607612, 0.0039699687544516825, 0.003991573995875272, 0.003992924335335918, 0.0039321594217934415, 0.0040442368815073225, 0.004087447378841966], "Recall@80": [0.04049682709907267, 0.122478956535927, 0.14313968876029654, 0.1592886583637931, 0.16428841712138198, 0.16969900959522172, 0.1715340195019456, 0.17348529020962403, 0.17371828308550524, 0.17580200037482852, 0.1755487333431452, 0.1754185987288949, 0.1723565429954533, 0.17654145901051455, 0.1760503352300078], "NDCG@80": [0.010525958280758066, 0.03486775485256443, 0.041861828297869205, 0.04724932031135934, 0.048952993311763025, 0.05076322270171153, 0.05119473131632488, 0.051377451882141385, 0.051145240839941396, 0.051100336553675185, 0.05113658740709265, 0.050995774489055894, 0.049968087185120705, 0.05158018607409196, 0.05169417413326452], "Precision@80": [0.0007642865143945721, 0.002184833176703668, 0.002575078334241214, 0.0028701253823692112, 0.0029578967728392793, 0.0030355407187667486, 0.003071324450480084, 0.0030699741665547154, 0.0030652479309557683, 0.0030983310239907666, 0.0031111592005753576, 0.0031071082320946832, 0.003029464241095105, 0.0031590959222409206, 0.0031550448515431416]}