{"Recall@20": [0.18447405682016202, 0.17116585822071567, 0.2191064801720519, 0.23037505206243136, 0.24346318427031408, 0.2411641607255539, 0.24447005807890124, 0.2505753218382345, 0.24884894894119372, 0.25693540067115156, 0.2536639606441022, 0.25961232547946944, 0.2664474018041489, 0.26166148957629265, 0.2612222798493473, 0.2638038668772706, 0.26392254921261143, 0.26610756758380155, 0.2714299095285305, 0.26934547849747326, 0.26726184676087517, 0.26728718697360015, 0.269539258414807, 0.27270005546175335, 0.2719935668243996, 0.2734877936700664, 0.27491470960879416, 0.2736877565167973], "NDCG@20": [0.08538026155431193, 0.07435424717022947, 0.10175678785607073, 0.11000444180822808, 0.11453389396293617, 0.11668522336185684, 0.1206006214158605, 0.12200919741430408, 0.12038945813322438, 0.1246747516143479, 0.12441641191003612, 0.12706176716558593, 0.12847159625147195, 0.12744524544177324, 0.12850032186298685, 0.12965401575024688, 0.12987345817645848, 0.13144422391251398, 0.13198944329006843, 0.13129956450725014, 0.13108921341091928, 0.13061636885745817, 0.13067023614726786, 0.13245199499359078, 0.13204329510966278, 0.13254311714030553, 0.13303357711229907, 0.13237741566381167], "Precision@20": [0.013450490739467217, 0.01515714813624334, 0.018469077906684322, 0.01921257226601691, 0.02012504295305289, 0.02010814464346063, 0.02041230196886749, 0.020750253979681957, 0.020682662675089836, 0.021020615330496605, 0.020784049309681862, 0.021071309292384925, 0.02139236299360713, 0.020986820645089003, 0.020953024992792942, 0.021037512995496558, 0.021105103655496373, 0.021257181029015193, 0.021510646004014502, 0.021392362349014822, 0.021274079338607452, 0.021290977003607405, 0.021392362349014822, 0.021595134006718118, 0.021628929336718023, 0.021797904052940645, 0.02198377772334783, 0.022017574020236196], "Recall@40": [0.25566365614901043, 0.2669456149323964, 0.320435240688498, 0.3279362891565589, 0.3393133278834171, 0.3432917980053571, 0.34551154185324434, 0.3466682292271724, 0.34786903249850826, 0.35538992409611037, 0.3551439889261311, 0.35855031891745787, 0.3595617615963084, 0.36177855063306597, 0.36362564277713383, 0.36159418176339664, 0.363270792134431, 0.36396359994468674, 0.3648591552404344, 0.3633562238202703, 0.3639312465676749, 0.3679115937424093, 0.36796978753577536, 0.3661298271609787, 0.36757887066437933, 0.367886238059469, 0.37051382319433296, 0.368332146389656], "NDCG@40": [0.10185838076020061, 0.09617794974102448, 0.12510553780904127, 0.13269024404491594, 0.13678083970926228, 0.14018333308718503, 0.14391332576709165, 0.14436856005875875, 0.14336196213567848, 0.14745459986844953, 0.14810882754001958, 0.15011397887420397, 0.1502804048724495, 0.15079528715772458, 0.1523530682263724, 0.15249956343052315, 0.15298573557449863, 0.15424756111023835, 0.15391945846985627, 0.15340326895138506, 0.1537462462038154, 0.15407175758312827, 0.1537779885073214, 0.15449679401445404, 0.1545611243265712, 0.15483388742831722, 0.1554175760746808, 0.15457746087396898], "Precision@40": [0.009859750141119304, 0.011549510356339703, 0.013585671414874542, 0.013948969762040861, 0.014388307118262741, 0.01448124379231826, 0.014565732117318028, 0.014709362108669558, 0.014827644474484623, 0.014945928129484299, 0.015030416132187916, 0.015038865125835969, 0.01505576246853977, 0.015089557476243525, 0.015140250471243386, 0.015021967138539863, 0.015064211462187824, 0.015098006469891578, 0.015224738796243155, 0.015114903812595379, 0.015123352806243433, 0.015233186500706597, 0.015292329133946818, 0.015275431146650711, 0.015326124463946725, 0.015393714479354234, 0.01547820248205785, 0.015393714479354234], "Recall@80": [0.3527336674954852, 0.38060853061501987, 0.42511307077256355, 0.43755989036031495, 0.443252754275885, 0.4438605274691619, 0.454045230289213, 0.45326914115305, 0.45505184626087786, 0.46143726014978137, 0.4621976728010677, 0.4653392816242555, 0.46238405795546955, 0.46003395691639914, 0.46269212151024947, 0.465271284871103, 0.4677155273272484, 0.47068428227771736, 0.47191054436676244, 0.4693780598023245, 0.47275007169929134, 0.47418128320114483, 0.47243933695399626, 0.47241683294741676, 0.4750284425065742, 0.4755090814701969, 0.4769697998294398, 0.47873704503540576], "NDCG@80": [0.12026559843248352, 0.11796831786531821, 0.1455635001184812, 0.15385368684934336, 0.15711885886081128, 0.1600311810440935, 0.16514253503529355, 0.16520766979860832, 0.16415105924770695, 0.1682483225748643, 0.16890666274534524, 0.17088836638981444, 0.1704957787351618, 0.17028141569631974, 0.17187229529068493, 0.1728866154295885, 0.1735450613132076, 0.17514227338238478, 0.17486971655017663, 0.17420068388252735, 0.1750648114358142, 0.17489260473377038, 0.17425362811615516, 0.1753228314223423, 0.175607596832822, 0.17584175916892847, 0.176203457960288, 0.17616924815743548], "Precision@80": [0.006906894382168692, 0.008191111765426733, 0.009166948293342345, 0.009407739133277266, 0.009580939957804678, 0.009627408133684361, 0.009813281804091547, 0.009792159642267565, 0.00983862862388763, 0.009965360305646901, 0.009952687137470974, 0.009948462640646947, 0.009944238304970997, 0.00991466731064704, 0.009914667149498964, 0.009927340639971043, 0.009990706641998755, 0.010028726307674613, 0.010104765316730175, 0.010024501810850586, 0.01007519464470237, 0.010104764994434023, 0.010075194483554295, 0.010087867651730222, 0.010147009156933907, 0.010151233653757934, 0.010176580634702094, 0.010235721978757703]}