{"Recall@20": [0.01331300901338994, 0.0470645704446607, 0.05640920962217986, 0.0631755531845101, 0.06772897453922117, 0.06729764452605934, 0.06893885239960373, 0.06652955521102136, 0.06815529093701676, 0.06754002440268063, 0.06790246267587613, 0.06959063496589145, 0.0689547364289629, 0.0693824532686975, 0.07001314754811633, 0.0725375239787535, 0.07136317084723394], "NDCG@20": [0.0053753095954749966, 0.020176524437052056, 0.024138536890575307, 0.027461841816751233, 0.029334903349304116, 0.029158524661029635, 0.02994893078053501, 0.028893741216131044, 0.029113697023104294, 0.028853891396659025, 0.028594573765938387, 0.029344819940886592, 0.029277350560782008, 0.02994732323869382, 0.02990243064542047, 0.03119910748483708, 0.030578077058368694], "Precision@20": [0.0010343524116805038, 0.003302905991459377, 0.004037485249397679, 0.004442583959909035, 0.004696446004601036, 0.0046910447385123885, 0.004731554622924185, 0.0046181268744557805, 0.00466943947777218, 0.004637031507785678, 0.004661337376619578, 0.00476396239652507, 0.004769363838072999, 0.004834179663756013, 0.004844982340807944, 0.005058334285385912, 0.004966511880558202], "Recall@40": [0.02379739239443272, 0.07940098017766432, 0.09298855446836816, 0.10101257700042873, 0.10443823927613227, 0.10645810329490416, 0.10954597661571702, 0.10888957405523024, 0.11076210883648359, 0.10969982768439238, 0.11015401855457212, 0.11116673104948728, 0.11223564655847498, 0.1136310775349281, 0.11298865000681627, 0.1137669261336082, 0.11469678890631706], "NDCG@40": [0.0076608809987476455, 0.02725502080145724, 0.03209075049987246, 0.0357319155354421, 0.03740677262300341, 0.03773213385814491, 0.038826936030730425, 0.038088865815608025, 0.038329072038259644, 0.0379901550186238, 0.037735771698893514, 0.038356200811916256, 0.03865639943469739, 0.03954997229578686, 0.03923508742850556, 0.04016456891692739, 0.03993147076547719], "Precision@40": [0.0009101220750970976, 0.0028316409049312795, 0.0033326132503302243, 0.0035918764436014454, 0.0037336610181163965, 0.003772820650797188, 0.0038389867539666985, 0.003783623209534833, 0.0038254834189198118, 0.003789024604400935, 0.003805228507298559, 0.0038524899972596487, 0.0038916497015728992, 0.003961866737004425, 0.003929458741262431, 0.00401047853101236, 0.003998325596595411], "Recall@80": [0.0431574965393851, 0.12574891182803768, 0.14407779017367348, 0.15507245071508385, 0.1586990095799745, 0.16514949349408223, 0.16686627508639207, 0.1690483737148991, 0.1691074121509629, 0.16953213260976596, 0.1717229240255118, 0.17457303390964468, 0.17518330635127669, 0.17825334108428278, 0.17543322939304576, 0.17840048354298144, 0.17735743185247113], "NDCG@80": [0.011230873156278968, 0.0357347055633807, 0.04142443273782705, 0.045641337136953404, 0.047381113489078266, 0.04849280738748149, 0.049340640544324736, 0.049124881697612796, 0.04900652038184384, 0.04895794861669789, 0.04897737492749561, 0.04992751598976286, 0.050165511766726095, 0.051371747092421836, 0.05069488794999104, 0.05201546338666422, 0.05144436431263337], "Precision@80": [0.0008230258133095388, 0.00226112676626845, 0.0025879064746071457, 0.0027762774329367318, 0.002865399235304764, 0.002962622907025981, 0.0029781517053868688, 0.00299435569038012, 0.002975451092464022, 0.0029869289239539535, 0.003001782429441077, 0.0030638976534692725, 0.00308550291420948, 0.0031604461900691075, 0.0031091336189470707, 0.0031793507976435142, 0.0031455925767308658]}