{"Recall@20": [0.02805005900092577, 0.010443070646469184, 0.021912970063340476, 0.03029673764267042, 0.038087494239135426, 0.04273307517909767, 0.04748288853915139, 0.05249684181740851, 0.054657249480559965, 0.056956623058230495, 0.059011816450467026, 0.062424475860554496, 0.06409781777834267, 0.06372240878238371, 0.06654459561927666, 0.0661717739684208, 0.06732283507024957, 0.06749436071576574, 0.06818831707419826, 0.06814354249258413], "NDCG@20": [0.011449272500988318, 0.004210525665476884, 0.008907570325878845, 0.012772849559835446, 0.015632041358041162, 0.018034055421789458, 0.019936114688072604, 0.021966310406112383, 0.023097357843173842, 0.024113517452988755, 0.025173761873738716, 0.026569674426360355, 0.026889142032523152, 0.027495449326189546, 0.02859377720655524, 0.028994881902024854, 0.029168523386872536, 0.029527871387494464, 0.029849006558669955, 0.029790357906205153], "Precision@20": [0.0018499514138941968, 0.0008101976962845205, 0.001609592761394078, 0.0022064384076640894, 0.002719563568360839, 0.0030679486573637464, 0.0034109322629660528, 0.003756616631194996, 0.003907853618957987, 0.00406719245192839, 0.004188722074579134, 0.004402074199445539, 0.0045155019784985885, 0.004550610431020765, 0.0046964458822624545, 0.004704547890051402, 0.004726153253813574, 0.004726153232887238, 0.004804472446737838, 0.004793669779344216], "Recall@40": [0.044925161374881145, 0.01953114903847574, 0.03749924583286707, 0.05164867942812531, 0.06217070595291169, 0.06989416958150692, 0.07566677206623976, 0.08269648728623585, 0.08720384159728932, 0.09095901359656182, 0.09345587038821274, 0.09617543264304354, 0.0989984240042052, 0.09924437712036509, 0.10264732032302802, 0.10225156927979301, 0.1045475875093778, 0.1055244392950514, 0.10683438746244331, 0.10778970765773892], "NDCG@40": [0.015082855976412153, 0.006208142606334062, 0.012340744885896598, 0.017454277713162037, 0.02091092444965156, 0.023996035197879115, 0.026101044242449273, 0.028558264763061385, 0.030222724706652458, 0.031523005499030546, 0.0326816254124678, 0.033926458109966605, 0.034468778024240566, 0.03522605514557274, 0.03642578848471739, 0.03685593896078551, 0.03730489149894108, 0.03785917845737655, 0.03831868007114308, 0.03844630741411143], "Precision@40": [0.001485362477528942, 0.0007521335220277677, 0.001413794999614807, 0.0018931619546912306, 0.002252349609675515, 0.002539969778697074, 0.00273306689938343, 0.002980177189627206, 0.0031449174528775108, 0.0032650967714814086, 0.0033582694747219515, 0.003439289264471881, 0.0035338122604912426, 0.003539213573261717, 0.003656692296649669, 0.003660743249033161, 0.0037363617598166975, 0.003766068992932054, 0.003821432506779274, 0.0038470886901231876], "Recall@80": [0.0717930776763583, 0.03494160724172997, 0.0637405945026966, 0.08481996801433417, 0.10223400673933751, 0.11325484109231355, 0.12297509145927285, 0.12993242555964235, 0.13628648812742256, 0.1422441805414779, 0.14401247311555324, 0.14852294445913528, 0.15155462370303094, 0.15489281121425294, 0.15461816284972543, 0.15899010416471612, 0.1599853902884561, 0.1612066241826122, 0.16319158214516757, 0.1639097996093908], "NDCG@80": [0.019980993540791567, 0.009061210939999313, 0.01718397486656727, 0.02356694221651115, 0.028271091129863007, 0.03199087186522626, 0.03479685834382103, 0.037223100997052824, 0.03922656798859813, 0.04091649881201995, 0.04199068116436023, 0.04353798795650417, 0.044114921885483514, 0.04544107079750598, 0.04598582903561278, 0.047300664655098815, 0.04747259956824286, 0.04810302498609236, 0.04867723931552293, 0.048782299980690225], "Precision@80": [0.0012078697538548417, 0.0006751647659520989, 0.0012078697409770962, 0.001571783535782096, 0.0018715567068287682, 0.0020828832235065355, 0.002246273095785213, 0.0023651020387098058, 0.0024758291589630412, 0.0025683266973024156, 0.0026189641357176477, 0.0026858053522773448, 0.002741844020562565, 0.0028053094955169063, 0.0027985579044550765, 0.0028816032042008337, 0.002888354835505618, 0.0029113103705128854, 0.00294371826806207, 0.0029659987242880914]}