{"Recall@20": [0.01113284524038001, 0.04381126705611436, 0.0562124538849172, 0.06293541583847997, 0.06723552829595729, 0.07002450895190973, 0.07289903079174347, 0.07519994723921758, 0.0754959751980936, 0.07629975832679224, 0.0753642631372932, 0.07486762858317972, 0.07403739518347628, 0.07447765748418664, 0.07397595646443964, 0.07525019794042545, 0.0722214879182962], "NDCG@20": [0.004708096238517782, 0.018557507803518135, 0.024295160512088687, 0.027720274041303488, 0.02921912036421645, 0.030628492993928322, 0.031824972706298485, 0.03316725702127113, 0.03350201738155003, 0.033412658796076564, 0.03300388152699524, 0.032994722758537626, 0.032385203574869716, 0.032967308459509084, 0.03192531257671428, 0.03263162159051779, 0.031249971115216976], "Precision@20": [0.0008831155152690196, 0.003143567071564192, 0.004040185877612849, 0.004512801175628997, 0.004801771725159015, 0.005017824421900452, 0.005152857411792447, 0.005263584397634214, 0.005244679773962625, 0.005263584355781541, 0.0051663607162546876, 0.005163660005139032, 0.005098844354915299, 0.005158258666613067, 0.00508264023631544, 0.005250081215510554, 0.005001620529465996], "Recall@40": [0.019434768900933604, 0.07166514268405136, 0.09157259435675322, 0.09783612426213033, 0.10419708572145388, 0.10999660552726317, 0.11317801331294153, 0.11635156314986254, 0.11832144722202445, 0.1198262362960761, 0.11905111593807105, 0.11968034851611581, 0.11919150754778796, 0.11926687867386213, 0.11743063291566372, 0.11733989982403058, 0.1156065196935335], "NDCG@40": [0.006567945616335671, 0.02467750654347298, 0.03202347275349779, 0.03537040718356155, 0.03734795887784205, 0.03938911081429265, 0.040663422454674504, 0.04222445249995339, 0.04290466200678243, 0.04297081663346618, 0.04252402789136613, 0.04274591687972955, 0.04218916142490367, 0.04277429615973499, 0.04140960053696004, 0.04178782284382135, 0.04069169392863398], "Precision@40": [0.0007804904527059961, 0.002598033894199113, 0.003315058874365345, 0.003550016312287798, 0.003786323960893443, 0.003998325627984915, 0.004076644733179539, 0.004169817538637186, 0.004186021497874947, 0.004230582354791713, 0.004126606959206916, 0.004165766463110253, 0.004129307572129762, 0.004196824097660405, 0.004100950678475052, 0.004129307675151726, 0.004025332325443898], "Recall@80": [0.034579581262432525, 0.11345060888757919, 0.13900855211610474, 0.15094825156991626, 0.15726891714720176, 0.16602867788277936, 0.17077582158318114, 0.17790191220170906, 0.18035715945250944, 0.18196890556852208, 0.18138857707872214, 0.18213404890037554, 0.17994097029401737, 0.1814265404147284, 0.1760542169945717, 0.17667449106597818, 0.17144535591551588], "NDCG@80": [0.00935123986555019, 0.03240703944061698, 0.04073018250924356, 0.04517613415894761, 0.04714989774206795, 0.04970156596574127, 0.05131075708554735, 0.053529292419094036, 0.05432578772258151, 0.05435355803976052, 0.05395109794870545, 0.054198669308113, 0.053330427654827206, 0.0541470411131085, 0.05218548061034586, 0.05271370249689816, 0.0510112471002037], "Precision@80": [0.0006717889164956249, 0.002093685866754385, 0.0025352437024602267, 0.00277155135187073, 0.0028937561176914472, 0.003034190373672089, 0.003118586012073633, 0.003214459379748004, 0.0032387653459698537, 0.0032441666337896967, 0.003194879617735597, 0.003211758772459171, 0.003166522683033073, 0.0032185103731793103, 0.0031219617174603298, 0.0031631468440397673, 0.0030503943787868176]}