{"Recall@20": [0.004198741021701812, 0.041902879820254264, 0.048925744182697524, 0.05040949398257942, 0.0528129920004459, 0.05513681185300888, 0.05621488619484293, 0.055906451867519684, 0.05500311036082624, 0.05497855447056459, 0.05467028885458437, 0.05720861362203017, 0.05759849941883744, 0.05866895201552103, 0.058663331137190786], "NDCG@20": [0.001647224794057941, 0.01799752952548486, 0.020158119949599613, 0.0219468462476208, 0.023018245171867024, 0.024163030954781086, 0.024551624392566845, 0.024327215789602476, 0.024045105331773644, 0.02414328392373314, 0.023936738743307626, 0.024625590041503543, 0.024885958596054726, 0.025341414022203575, 0.025428139379166933], "Precision@20": [0.00031327644110118723, 0.003078751221735405, 0.003502754702402704, 0.0035540672187943227, 0.0037404127588820174, 0.003956465445160286, 0.0039888733732941165, 0.0039591661087892555, 0.003921356950785437, 0.003888948939751121, 0.0038862483219991198, 0.00402668255302913, 0.004088797749692116, 0.004167116807400053, 0.00424813664383181], "Recall@40": [0.008862464721818149, 0.06880953451772481, 0.07898163926824195, 0.08222841052343512, 0.08583518628671281, 0.08875594824710288, 0.09120178248411741, 0.09183005162651471, 0.0899072933804851, 0.08937836844629818, 0.08969587500362967, 0.09200129115428267, 0.09327154454703825, 0.09532717889903418, 0.09607134525212122], "NDCG@40": [0.0026745450951258, 0.023862262156942794, 0.026691269717464258, 0.028884602260084793, 0.030210178498767476, 0.031453506998332256, 0.03217974307406499, 0.0321443146192269, 0.031584730619125805, 0.03160248345402568, 0.03154608093792076, 0.032139756657127636, 0.03266926560994808, 0.03330672411832617, 0.03351891218514889], "Precision@40": [0.0003375823810645091, 0.002510262514997072, 0.0028356919957505354, 0.00293156530708477, 0.0030530950480498003, 0.003167872987079919, 0.0032353895335368982, 0.0032502431114613396, 0.003169223326540565, 0.0031638220443547358, 0.003181376312468497, 0.0032583450516421248, 0.0033191099603554464, 0.0033906774028557816, 0.003440639613590836], "Recall@80": [0.019121422756821854, 0.11178666489085923, 0.1227753877614015, 0.12680100493211138, 0.13290166921822674, 0.13792120072372122, 0.14089353086882203, 0.14447026506695723, 0.1449096964955317, 0.14485142397625575, 0.14450045931064967, 0.14749029020878335, 0.14793585793457162, 0.15085459852677074, 0.1517471685591895], "NDCG@80": [0.004531877659252373, 0.03177857312705922, 0.03466915784238082, 0.03703585471501165, 0.03882031540151058, 0.04041048905318121, 0.041270132403246486, 0.041762405973254986, 0.0416246765283422, 0.0417143039496295, 0.04158186307282585, 0.04228197527688974, 0.04265827201310844, 0.043450285243050536, 0.04371010104613414], "Precision@80": [0.00035176083287192985, 0.002045073972139063, 0.002197661229339959, 0.0022705790467147397, 0.0023867073565950092, 0.0024630010282554187, 0.002508912194853044, 0.0025757535047763957, 0.002568326707765584, 0.002569677063323412, 0.0025696769804229255, 0.002617613738307147, 0.0026459706480590393, 0.002702009356587214, 0.00273374211579558]}