{"Recall@20": [0.013219392233975598], "NDCG@20": [0.00530721794339407], "Precision@20": [0.001010046452702386], "Recall@40": [0.025656713012022787], "NDCG@40": [0.008016474643999651], "Precision@40": [0.0009425299851215979], "Recall@80": [0.04690075806643183], "NDCG@80": [0.011919412870985057], "Precision@80": [0.0008594847324600973]}