{"Recall@20": [0.1789379474398815, 0.1757052706157327, 0.22878332676296098, 0.2380583654508755, 0.24586693601617945, 0.24272397097078036, 0.2516092943073568, 0.2547020946011506, 0.2544627136457365, 0.2607746336983039, 0.25719087580725647, 0.2626750723015984, 0.2636992572811497, 0.2629124472857569, 0.26220933115534706, 0.261858765762293, 0.2618865296420877, 0.266093082305506, 0.26606734502392065, 0.2666127629359053, 0.2683785487848909, 0.26738723285619614, 0.2664361343306438], "NDCG@20": [0.08229295189777876, 0.07487983097696514, 0.10573451025093597, 0.11302315008402596, 0.11688188589598207, 0.11790052738170359, 0.12313797394139173, 0.12496625430360764, 0.12303443952523684, 0.1269870176634381, 0.12580413921494144, 0.1289945926646922, 0.12894298144795274, 0.12742090305793766, 0.12831586790713317, 0.12961881327524344, 0.12946480212480727, 0.13145177595596855, 0.13027947139965598, 0.12944245024201192, 0.13048983023109448, 0.13104437814849823, 0.13157389010074536], "Precision@20": [0.013264616746763878, 0.015174045801243295, 0.018773234265202724, 0.019685704629942548, 0.020310915656571615, 0.020209530955756505, 0.02075025333508965, 0.021020616297385063, 0.021003718310088956, 0.021206489323199944, 0.021054411627384972, 0.021071308325496467, 0.02112200132049633, 0.02098682032279285, 0.02085163900279322, 0.020851638680497067, 0.020851639647385525, 0.02120648900090379, 0.021071308003200312, 0.021071308325496467, 0.021206489323199944, 0.021071308325496467, 0.021155796328200083], "Recall@40": [0.2532495651425603, 0.2719747962964552, 0.3209209745097056, 0.329957972994202, 0.33551660185127735, 0.3429793254392056, 0.347413068528351, 0.3501527456868215, 0.3461287003104934, 0.35399307709926287, 0.35629208517380767, 0.3563925229685256, 0.36029305414558865, 0.3623057446313815, 0.36077368795247283, 0.3594538104336743, 0.3624634531632836, 0.36345250528380046, 0.36213676862597427, 0.3648380899638814, 0.3665986829772516, 0.3677557519498247, 0.3681819460689317], "NDCG@40": [0.09947300763015773, 0.09684444013661975, 0.12723627119460756, 0.13450652983350583, 0.13788626136792678, 0.14117257085028595, 0.14528587936911885, 0.14714241350128185, 0.14438606976415305, 0.14877588517684395, 0.14895718320876852, 0.1510151421230119, 0.15153688802715892, 0.1506010611825152, 0.1512750778378728, 0.15236748646706816, 0.15286263391430938, 0.15402766231267426, 0.15280541990124805, 0.1524278460905817, 0.15337965108930118, 0.15441758135518097, 0.15530741267125323], "Precision@40": [0.009978033473822827, 0.011617100855191442, 0.013619466422578297, 0.014041906436096378, 0.01432916545191098, 0.014599526480429476, 0.014633321810429385, 0.014844542139484577, 0.014700912470429199, 0.014920581793132446, 0.015072659811243571, 0.014979722814891901, 0.015081108482595472, 0.015106455141243478, 0.014945927484891994, 0.014886786140836385, 0.014996620479891856, 0.014996620479891856, 0.015021967460836016, 0.015098006469891578, 0.015157148458539493, 0.015148699142595286, 0.015233187145298902], "Recall@80": [0.36014460195919756, 0.38599417668091524, 0.4282112186041262, 0.4366998495222468, 0.44650595491904993, 0.45261804104334763, 0.4548261564460386, 0.4545336662413664, 0.45694666917600435, 0.460576951161314, 0.46008142985053546, 0.46422174420861145, 0.4626506613331415, 0.46138992129084466, 0.4645431946563979, 0.4672012251750486, 0.46774355935744233, 0.47007863366068037, 0.47383420376328045, 0.47210046704373837, 0.47319610894793956, 0.4727192137764289, 0.47395127203948756], "NDCG@80": [0.1196749507675867, 0.11855758868104987, 0.14809306596895858, 0.15520693362262775, 0.1594009683034677, 0.16243918967754625, 0.1663748021462593, 0.1675618884933281, 0.166025389284248, 0.16974820120586823, 0.16918946601684612, 0.1721438955479113, 0.17171361987032413, 0.1702749878218465, 0.1717959549347264, 0.17358196293352907, 0.173595643760627, 0.1750462317071923, 0.17468878980342017, 0.17348358783418966, 0.17426407051150886, 0.17500717972693874, 0.17606065240249558], "Precision@80": [0.007147685222103612, 0.008254478089750598, 0.009251436618342114, 0.009437310127601224, 0.009661202980240039, 0.009813281481795394, 0.009863974476795255, 0.009838628301591476, 0.009918891324026837, 0.009990706480850679, 0.009935789311322944, 0.009978033473822827, 0.009965360466794977, 0.009956911150850772, 0.009952686976322898, 0.009969584319026698, 0.009965359983350748, 0.010016052656054457, 0.010096316967674428, 0.010058296979702418, 0.010054072644026467, 0.010032950321054411, 0.010075194483554295]}