{"Recall@20": [0.09069223716557932, 0.1737707769117391, 0.21634802217216015, 0.23623677337842441, 0.24746079620536657, 0.24839862128615822, 0.2516330256176865, 0.2576462880064, 0.259463326678803, 0.26326956689337616, 0.26285424833565235, 0.26405250417819576, 0.2651127553864402, 0.2606921619803328, 0.26163668566436615, 0.2629213065624076, 0.26324798078624007, 0.2634287605659508, 0.2646763767089019, 0.2622275550690161, 0.2652428444272241, 0.268518554233707, 0.2678980438964679, 0.26566099403435495, 0.267944047160147, 0.2684142179447237, 0.26974591470804116, 0.2690516423840666, 0.270616686718816, 0.27085848102782295, 0.26862277191770606, 0.2674100307968671, 0.2669218836220667, 0.26596260135260014], "NDCG@20": [0.03533736819067127, 0.07271426511237894, 0.10236071670083591, 0.1138231432812566, 0.12061165683613552, 0.12207093388698277, 0.12556049105846306, 0.12782746289541044, 0.12951285003528035, 0.12989787533300154, 0.12895420508918104, 0.1297002768508483, 0.13105285324813468, 0.12965685453476153, 0.12933312480858186, 0.13040314287944355, 0.13086135518756337, 0.1314273923182254, 0.13183679609695131, 0.13133923529611724, 0.1327070369636662, 0.13331786294610326, 0.13303497716678725, 0.132421745565865, 0.1333194280162217, 0.13437516192158722, 0.13474718192494692, 0.13529573513390689, 0.13515464934838628, 0.13525482414944343, 0.13515032026646065, 0.1349240993075614, 0.1348419215236817, 0.1345999854043675], "Precision@20": [0.007299763723658968, 0.014633321810429385, 0.01824940890627723, 0.019533626611831424, 0.020294019603052427, 0.020564379986978618, 0.020682663641978294, 0.020969922657792895, 0.021071308325496467, 0.02113889866320013, 0.021172693993200035, 0.021155796005903928, 0.02132477297819962, 0.021138898340903975, 0.021054410982792666, 0.021155796005903928, 0.02122338602131144, 0.02122338634360759, 0.0212571816736075, 0.021071308003200312, 0.021341669998607267, 0.021578235374829703, 0.02159513432901427, 0.021493748339014546, 0.021662724666717932, 0.021797904375236796, 0.021882392377940412, 0.021916189319421086, 0.02194998336023638, 0.02191618867482878, 0.021713417017125487, 0.021679622331717885, 0.021645826679421824, 0.021595134006718118], "Recall@40": [0.15796118372394732, 0.27066200929302026, 0.3157806190214837, 0.33432009414306724, 0.34174284269456, 0.34566456290989883, 0.35030658150815047, 0.35554537397657304, 0.3592463496892426, 0.3643550376466659, 0.3630717729708358, 0.3620879394696266, 0.3621808896801205, 0.3619893838844415, 0.36362791689878865, 0.3632711943600298, 0.3654265666418923, 0.3635922322687405, 0.3661268826633259, 0.3662817704592979, 0.36624610645620354, 0.3681114225139405, 0.365825533182003, 0.3679480621967013, 0.36634090793579965, 0.36574856370395403, 0.36500507546824834, 0.36698773310933014, 0.36650802751536626, 0.3680090921962128, 0.36693033345368475, 0.3671092207103857, 0.36877834349719607, 0.3677286790729818], "NDCG@40": [0.05050804857548607, 0.0949356037847655, 0.12534821907706098, 0.13654341573608852, 0.14268739113093792, 0.14470592162302112, 0.14851894810538954, 0.15054582220027882, 0.15268193664241378, 0.15340964010173544, 0.15227882924133074, 0.1526300650103828, 0.15367393326058346, 0.153229360525654, 0.1530960923556179, 0.15374084709866218, 0.15443842747035, 0.15464175766728624, 0.1553716553188168, 0.15559626221858233, 0.15619351050869038, 0.15643976539645335, 0.15580801336940134, 0.15623006920590518, 0.15638974503352457, 0.15719947415294178, 0.15715567797331764, 0.15811104369993426, 0.15763478022888328, 0.15793856111238355, 0.15819933221887278, 0.1582868420703059, 0.15871074917591194, 0.1585181527300516], "Precision@40": [0.006421088366622899, 0.011498817683635995, 0.013568773749874589, 0.014160189124207596, 0.014439000435558756, 0.014633323099613996, 0.014768503130429014, 0.0149543768008362, 0.015106455141243478, 0.015258533159354604, 0.015216289802595102, 0.015157148458539493, 0.015131801477595333, 0.015182494472595193, 0.015190943466243247, 0.015199392137595148, 0.015199392137595148, 0.015174046123539446, 0.015241636138946956, 0.015309226798946772, 0.015275431146650711, 0.01535147080029858, 0.015283880140298764, 0.015419061138002241, 0.015435958480706042, 0.015452856145705997, 0.015469753166113645, 0.015461304494761744, 0.01546975381070595, 0.015461305139354049, 0.015444407474354096, 0.01548665115340975, 0.015571139156113366, 0.01557958814976142], "Recall@80": [0.2714108811636638, 0.37140914128011204, 0.42506892909146354, 0.43795791837402837, 0.4464484160314665, 0.45777827575827984, 0.4558607838209435, 0.4577409719123595, 0.4577584223152617, 0.46084076990022493, 0.46285451751739926, 0.4684386258191376, 0.4667695442862348, 0.4692647353182293, 0.47314006551450555, 0.4744505680828088, 0.47669927733054873, 0.4761181851019929, 0.4748916342355948, 0.4763185450175841, 0.47757460274137165, 0.4769987394456003, 0.4770263795636723, 0.4796304602846982, 0.47590307691444533, 0.47398374917822217, 0.4761822936743568, 0.47545662712672143, 0.4767900668676337, 0.4767474206406831, 0.47460184616186846, 0.47484161387266605, 0.4738732402733187, 0.4759769729763803], "NDCG@80": [0.07176424563434648, 0.11430568250299668, 0.14634057934842587, 0.1567784058318504, 0.16303851355487892, 0.16630132378013845, 0.16915425580673502, 0.17055175255262678, 0.17203488983226492, 0.1723398309819156, 0.1718953974789242, 0.1734268250357424, 0.17423613903771465, 0.1741059700674848, 0.1744132446412824, 0.1753537589611738, 0.1761597881207558, 0.17666930739804673, 0.17681620482779628, 0.17707730338717684, 0.1780277031746697, 0.17777419533428207, 0.17761104128658067, 0.17801283114099067, 0.17782356594816662, 0.1784478819583791, 0.1787833509996317, 0.17937345462862242, 0.1791871597171434, 0.17927313028215033, 0.17936425242886506, 0.1793760923003377, 0.17932118077099263, 0.179617925284883], "Precision@80": [0.005445251999855364, 0.007929198924815908, 0.009158499783138522, 0.009433085791925274, 0.009568266306184521, 0.009766813305915712, 0.009792159964563719, 0.00985130114747125, 0.009842852798415503, 0.00988509647747116, 0.009952686976322898, 0.010024501971998662, 0.009999155313350655, 0.009999155313350655, 0.010066745651054318, 0.0101047651555821, 0.010142784982406033, 0.010151233653757934, 0.010172355654433838, 0.010163906983081937, 0.010210375158961619, 0.01019770166848954, 0.010193477493961666, 0.01025261948260958, 0.010218824313757749, 0.01020615082328567, 0.010201926487609718, 0.010223048810581776, 0.010244170488961526, 0.01024839514693363, 0.01022727298510965, 0.010218823991461597, 0.010227272823961573, 0.010261067992813405]}